Area,Bedrooms,Bathrooms,Floors,Parking,Age,Location,Price
1286,2,2.0,1,0.0,15.0,Chennai,7249000.0
2009,2,2.0,1,0.0,5.0,Chennai,11700000.0
400,6,6.0,3,1.0,5.0,Pune,4076000.0
400,3,2.0,3,2.0,3.0,Hyderabad,2968000.0
1300,3,2.0,1,0.0,13.0,Chennai,6441000.0
1709,3,3.0,1,3.0,2.0,Mumbai,28157000.0
1182,2,2.0,2,1.0,0.0,Bangalore,8722000.0
3163,3,2.0,1,0.0,0.0,Bangalore,22074000.0
1848,4,3.0,3,3.0,6.0,Hyderabad,10731000.0
1789,3,,2,0.0,18.0,Pune,11688000.0
2140,3,3.0,3,1.0,9.0,Pune,16072000.0
2285,2,1.0,3,1.0,6.0,Hyderabad,12095000.0
1800,2,1.0,3,0.0,8.0,Pune,13641000.0
938,4,4.0,3,0.0,8.0,Mumbai,14385000.0
2119,6,6.0,3,1.0,2.0,Mumbai,37687000.0
1927,3,2.0,3,1.0,0.0,Chennai,11020000.0
1057,3,3.0,2,1.0,4.0,Hyderabad,6407000.0
1478,2,2.0,2,1.0,17.0,Pune,10435000.0
1273,6,5.0,2,1.0,14.0,Bangalore,9235000.0
1040,3,2.0,2,1.0,15.0,Pune,7449000.0
2584,2,1.0,3,2.0,9.0,Hyderabad,14850000.0
1090,2,2.0,2,1.0,10.0,Mumbai,19186000.0
2767,4,3.0,3,1.0,8.0,Pune,20382000.0
785,5,4.0,3,0.0,4.0,Chennai,5313000.0
1650,1,1.0,1,0.0,14.0,Hyderabad,8697000.0
2488,4,3.0,2,0.0,2.0,Hyderabad,13746000.0
677,4,3.0,1,2.0,4.0,Mumbai,12075000.0
1076,6,5.0,2,0.0,1.0,Hyderabad,6041000.0
1767,4,3.0,1,2.0,0.0,Hyderabad,9383000.0
888,1,1.0,3,1.0,0.0,Hyderabad,5456000.0
1540,3,2.0,3,1.0,,Chennai,10274000.0
510,2,1.0,1,2.0,3.0,Pune,3712000.0
1712,1,1.0,2,1.0,7.0,Mumbai,27492000.0
2466,5,5.0,2,2.0,3.0,Hyderabad,14068000.0
1135,6,6.0,2,2.0,6.0,Pune,8614000.0
1095,4,3.0,1,1.0,2.0,Bangalore,7500000.0
647,6,5.0,3,0.0,4.0,Delhi,8529000.0
1217,2,2.0,3,1.0,7.0,Chennai,7798000.0
1069,4,3.0,3,2.0,7.0,Delhi,12032000.0
2204,6,5.0,3,0.0,3.0,Delhi,23478000.0
400,2,2.0,3,2.0,11.0,Mumbai,6136000.0
1764,5,5.0,1,1.0,9.0,Pune,11465000.0
1687,4,3.0,1,0.0,9.0,Chennai,8888000.0
2070,4,4.0,2,0.0,1.0,Hyderabad,10199000.0
1575,2,1.0,3,0.0,8.0,Bangalore,9274000.0
1565,2,1.0,2,4.0,12.0,Mumbai,25761000.0
1379,6,5.0,3,1.0,1.0,Hyderabad,7955000.0
2039,4,3.0,3,2.0,6.0,Pune,14102000.0
872,5,4.0,1,0.0,10.0,Mumbai,14018000.0
1066,3,2.0,1,1.0,33.0,Pune,8420000.0
1184,5,,2,1.0,3.0,Delhi,13843000.0
1790,2,2.0,3,2.0,1.0,Delhi,18853000.0
1485,2,2.0,2,3.0,19.0,Hyderabad,7674000.0
1254,6,5.0,1,2.0,0.0,Delhi,14829000.0
1760,1,1.0,3,1.0,2.0,Delhi,16642000.0
1677,5,4.0,1,3.0,1.0,Hyderabad,8567000.0
999,3,2.0,1,0.0,9.0,Pune,7397000.0
1252,5,5.0,3,1.0,9.0,Bangalore,9634000.0
2079,5,4.0,1,,6.0,Delhi,23797000.0
2443,5,4.0,3,1.0,0.0,Mumbai,42380000.0
1022,5,4.0,2,0.0,9.0,Delhi,10019000.0
1891,6,6.0,2,2.0,13.0,Chennai,10064000.0
626,2,1.0,1,1.0,0.0,Mumbai,10222000.0
1968,5,5.0,3,0.0,13.0,Chennai,13816000.0
2151,5,5.0,1,1.0,14.0,Chennai,10931000.0
930,3,3.0,3,1.0,6.0,Hyderabad,5611000.0
1541,2,2.0,1,1.0,5.0,Hyderabad,8083000.0
901,3,3.0,1,0.0,7.0,Pune,6192000.0
1533,5,5.0,1,0.0,10.0,Pune,12262000.0
1974,6,6.0,1,2.0,10.0,Mumbai,29272000.0
2262,3,,3,1.0,26.0,Bangalore,13539000.0
1912,3,3.0,3,1.0,3.0,Hyderabad,11374000.0
1482,6,5.0,3,0.0,5.0,Delhi,15855000.0
966,1,1.0,1,0.0,15.0,Pune,6146000.0
1387,4,3.0,1,0.0,9.0,Delhi,17137000.0
1799,2,1.0,2,3.0,4.0,Bangalore,10945000.0
1097,1,1.0,2,1.0,,Pune,9139000.0
1053,2,1.0,1,1.0,0.0,Delhi,8410000.0
2317,4,4.0,1,2.0,2.0,Bangalore,14693000.0
3399,6,6.0,1,1.0,5.0,Hyderabad,19764000.0
1688,3,3.0,2,0.0,0.0,Bangalore,11076000.0
1993,4,4.0,2,2.0,3.0,Bangalore,14023000.0
1231,4,3.0,3,1.0,18.0,Pune,10567000.0
1600,5,,3,3.0,7.0,Mumbai,26072000.0
1269,5,4.0,2,0.0,7.0,Mumbai,21991000.0
969,3,3.0,1,0.0,1.0,Pune,7982000.0
1703,4,3.0,1,0.0,3.0,Mumbai,25354000.0
1074,3,2.0,3,1.0,,Hyderabad,5589000.0
937,4,3.0,2,1.0,5.0,Delhi,10953000.0
1925,4,4.0,1,2.0,10.0,Delhi,21243000.0
400,4,4.0,3,1.0,14.0,Pune,3997000.0
2974,3,2.0,1,0.0,0.0,Chennai,18757000.0
2090,3,3.0,3,1.0,8.0,Delhi,24391000.0
2795,3,3.0,3,2.0,8.0,Bangalore,18204000.0
857,5,4.0,3,1.0,5.0,Bangalore,6685000.0
2420,3,3.0,3,2.0,0.0,Hyderabad,13973000.0
1209,5,5.0,2,1.0,4.0,Bangalore,9133000.0
1999,5,4.0,3,2.0,0.0,Chennai,12998000.0
1907,2,2.0,3,2.0,3.0,Pune,11752000.0
1015,2,2.0,1,0.0,7.0,Chennai,6588000.0
908,2,2.0,3,1.0,4.0,Mumbai,13373000.0
1074,4,4.0,3,0.0,3.0,Pune,8699000.0
2148,5,4.0,1,1.0,16.0,Mumbai,31349000.0
1166,6,5.0,3,0.0,1.0,Delhi,13814000.0
1827,3,3.0,3,0.0,8.0,Hyderabad,9745000.0
1319,3,3.0,2,2.0,0.0,Hyderabad,8438000.0
1624,3,2.0,2,0.0,8.0,Chennai,9031000.0
863,4,3.0,2,1.0,,Hyderabad,4309000.0
1386,3,2.0,3,0.0,13.0,Chennai,9433000.0
1370,4,3.0,3,1.0,16.0,Chennai,8954000.0
843,6,5.0,3,4.0,1.0,Pune,7111000.0
1623,3,3.0,2,4.0,1.0,Chennai,9958000.0
1846,3,3.0,1,0.0,7.0,Pune,12452000.0
1014,6,5.0,2,2.0,10.0,Bangalore,7073000.0
904,5,4.0,1,0.0,20.0,Mumbai,18786000.0
1111,3,2.0,1,0.0,5.0,Mumbai,15804000.0
447,2,2.0,1,1.0,5.0,Mumbai,6994000.0
1997,3,2.0,2,2.0,2.0,Delhi,20996000.0
2034,5,4.0,2,0.0,3.0,Mumbai,29775000.0
1914,3,3.0,3,,7.0,Pune,13312000.0
2532,6,6.0,1,3.0,8.0,Delhi,27532000.0
528,2,1.0,1,2.0,,Mumbai,8466000.0
1536,3,3.0,2,4.0,1.0,Chennai,10657000.0
1147,3,3.0,3,2.0,5.0,Delhi,13112000.0
623,2,2.0,1,0.0,2.0,Delhi,6533000.0
1888,4,4.0,1,4.0,1.0,Chennai,13012000.0
876,6,6.0,3,1.0,3.0,Hyderabad,6668000.0
1084,1,1.0,2,1.0,10.0,Pune,7854000.0
1802,5,4.0,3,1.0,4.0,Chennai,10469000.0
1588,4,4.0,3,0.0,12.0,Pune,11711000.0
1641,3,3.0,1,1.0,0.0,Bangalore,9657000.0
951,4,4.0,1,1.0,8.0,Mumbai,14475000.0
400,1,1.0,2,1.0,2.0,Hyderabad,2748000.0
1019,4,3.0,3,1.0,4.0,Chennai,6659000.0
1143,3,3.0,1,,1.0,Bangalore,7246000.0
1600,4,4.0,2,1.0,0.0,Hyderabad,9678000.0
1899,5,4.0,1,2.0,0.0,Mumbai,34755000.0
1549,3,2.0,1,1.0,7.0,Hyderabad,8089000.0
748,4,3.0,3,0.0,32.0,Chennai,5006000.0
792,3,3.0,1,0.0,13.0,Pune,5979000.0
1267,4,3.0,3,2.0,1.0,Hyderabad,7871000.0
1406,3,3.0,3,0.0,2.0,Mumbai,24060000.0
1803,5,5.0,2,0.0,10.0,Mumbai,32944000.0
1022,4,3.0,2,2.0,13.0,Delhi,11894000.0
2349,4,3.0,3,0.0,2.0,Mumbai,35133000.0
551,2,2.0,1,0.0,0.0,Hyderabad,3276000.0
2497,4,3.0,2,1.0,2.0,Pune,18560000.0
1334,6,6.0,3,3.0,0.0,Bangalore,10561000.0
785,3,3.0,1,3.0,7.0,Hyderabad,5464000.0
1181,2,2.0,3,2.0,7.0,Delhi,11267000.0
1443,1,1.0,3,2.0,0.0,Hyderabad,6809000.0
1132,4,3.0,3,1.0,17.0,Delhi,12468000.0
2105,5,4.0,3,0.0,5.0,Mumbai,31870000.0
1180,4,4.0,3,2.0,0.0,Delhi,13521000.0
2043,3,2.0,1,2.0,1.0,Mumbai,32414000.0
1726,2,1.0,1,0.0,16.0,Bangalore,11542000.0
1063,6,6.0,1,2.0,0.0,Pune,7599000.0
1661,3,2.0,1,0.0,21.0,Chennai,10476000.0
1030,3,2.0,3,1.0,3.0,Hyderabad,5861000.0
1634,5,5.0,1,1.0,5.0,Pune,11801000.0
1408,5,5.0,1,1.0,5.0,Pune,10176000.0
880,3,2.0,3,3.0,17.0,Pune,7093000.0
1450,5,5.0,2,2.0,2.0,Delhi,18644000.0
1258,2,1.0,3,1.0,6.0,Hyderabad,7317000.0
747,2,2.0,1,1.0,2.0,Mumbai,12303000.0
2115,4,4.0,1,0.0,1.0,Delhi,22593000.0
1709,3,2.0,1,0.0,17.0,Chennai,9954000.0
1302,6,6.0,3,0.0,11.0,Delhi,15479000.0
1531,4,4.0,1,1.0,5.0,Hyderabad,8538000.0
1301,2,1.0,1,0.0,2.0,Hyderabad,7039000.0
1133,5,5.0,2,1.0,4.0,Hyderabad,7634000.0
1269,6,5.0,2,0.0,0.0,Delhi,15254000.0
770,4,4.0,1,0.0,2.0,Hyderabad,5969000.0
2123,4,3.0,1,1.0,3.0,Pune,15057000.0
1601,3,3.0,1,1.0,7.0,Pune,10610000.0
1415,2,1.0,1,0.0,9.0,Hyderabad,8352000.0
2243,4,3.0,2,1.0,22.0,Bangalore,16886000.0
1090,2,1.0,3,2.0,8.0,Delhi,12811000.0
595,3,3.0,3,2.0,6.0,Chennai,4554000.0
1164,6,6.0,1,1.0,13.0,Bangalore,8496000.0
2130,6,,1,1.0,2.0,Chennai,13549000.0
598,5,5.0,1,1.0,0.0,Delhi,8035000.0
1711,6,6.0,1,0.0,6.0,Bangalore,13130000.0
912,4,3.0,2,1.0,2.0,Chennai,5863000.0
1718,5,5.0,1,0.0,18.0,Bangalore,12785000.0
2567,4,4.0,1,3.0,2.0,Bangalore,15297000.0
1074,2,1.0,1,0.0,14.0,Mumbai,15914000.0
925,3,3.0,2,0.0,0.0,Chennai,6642000.0
1574,5,5.0,1,0.0,2.0,Pune,12462000.0
2089,6,5.0,2,1.0,5.0,Hyderabad,14392000.0
1369,2,1.0,3,1.0,11.0,Pune,10036000.0
2663,4,4.0,3,1.0,14.0,Pune,19902000.0
1073,6,5.0,2,0.0,3.0,Mumbai,17421000.0
1230,2,1.0,2,2.0,29.0,Pune,8546000.0
1299,4,4.0,3,1.0,7.0,Chennai,7813000.0
1861,2,1.0,2,0.0,7.0,Bangalore,13511000.0
1143,3,3.0,2,0.0,4.0,Hyderabad,7612000.0
2400,4,4.0,3,0.0,5.0,Delhi,28954000.0
1841,6,6.0,1,2.0,0.0,Hyderabad,11407000.0
1606,3,2.0,3,1.0,1.0,Mumbai,25707000.0
1479,2,1.0,3,1.0,2.0,Bangalore,10784000.0
1588,3,3.0,1,0.0,3.0,Bangalore,8810000.0
1031,2,2.0,1,1.0,1.0,Hyderabad,6159000.0
2192,3,2.0,2,1.0,10.0,Mumbai,37408000.0
1641,3,3.0,1,0.0,3.0,Hyderabad,9049000.0
1247,4,4.0,3,1.0,0.0,Bangalore,8639000.0
1229,2,1.0,2,1.0,0.0,Chennai,6826000.0
1348,2,2.0,3,3.0,0.0,Hyderabad,8569000.0
1645,4,4.0,1,1.0,3.0,Pune,12996000.0
1364,4,3.0,3,1.0,3.0,Delhi,14161000.0
1153,1,1.0,2,1.0,3.0,Chennai,6241000.0
1102,4,4.0,1,1.0,,Chennai,7027000.0
2406,6,6.0,3,2.0,2.0,Delhi,23689000.0
2336,4,3.0,1,2.0,6.0,Mumbai,37395000.0
1116,4,4.0,1,2.0,0.0,Delhi,14114000.0
400,2,2.0,2,1.0,12.0,Mumbai,6636000.0
1756,6,5.0,3,0.0,0.0,Bangalore,12230000.0
1781,4,3.0,1,1.0,2.0,Pune,13051000.0
2884,6,5.0,1,2.0,15.0,Chennai,15963000.0
1467,3,2.0,1,1.0,3.0,Bangalore,11462000.0
1342,3,2.0,2,3.0,7.0,Pune,9838000.0
2208,3,3.0,2,2.0,4.0,Delhi,21093000.0
898,5,4.0,3,1.0,,Chennai,5494000.0
1681,4,4.0,2,2.0,2.0,Mumbai,26952000.0
2317,2,1.0,1,2.0,7.0,Bangalore,12065000.0
776,6,6.0,2,2.0,20.0,Pune,6902000.0
1134,5,4.0,1,0.0,2.0,Bangalore,8195000.0
2729,4,3.0,1,2.0,7.0,Hyderabad,15433000.0
1088,2,2.0,3,1.0,2.0,Delhi,11495000.0
2388,5,5.0,2,3.0,5.0,Pune,17375000.0
2717,1,1.0,2,1.0,4.0,Mumbai,46378000.0
1442,5,4.0,1,0.0,10.0,Bangalore,10354000.0
1356,2,2.0,3,2.0,1.0,Chennai,8278000.0
400,6,5.0,1,1.0,0.0,Chennai,3825000.0
2852,2,1.0,2,0.0,4.0,Hyderabad,16426000.0
1634,3,2.0,1,1.0,4.0,Hyderabad,8564000.0
938,2,2.0,3,0.0,5.0,Hyderabad,5585000.0
1487,4,4.0,3,0.0,9.0,Chennai,9784000.0
400,2,2.0,3,4.0,0.0,Delhi,5099000.0
1505,2,1.0,2,0.0,2.0,Pune,11551000.0
1003,5,4.0,2,0.0,14.0,Hyderabad,6001000.0
1151,6,5.0,2,2.0,3.0,Pune,8854000.0
1187,3,2.0,2,0.0,1.0,Delhi,12162000.0
1785,6,6.0,3,2.0,18.0,Pune,12448000.0
1895,6,6.0,1,2.0,20.0,Pune,15219000.0
1078,6,6.0,2,3.0,8.0,Mumbai,17860000.0
1828,5,5.0,1,0.0,11.0,Hyderabad,11368000.0
1147,2,2.0,3,1.0,5.0,Hyderabad,6398000.0
2446,2,2.0,2,0.0,2.0,Bangalore,15745000.0
2238,6,5.0,2,2.0,8.0,Chennai,16037000.0
1132,3,2.0,1,1.0,1.0,Bangalore,8231000.0
1906,5,4.0,1,0.0,1.0,Hyderabad,12734000.0
1377,2,1.0,1,0.0,11.0,Delhi,14425000.0
1902,1,1.0,1,1.0,15.0,Delhi,20069000.0
1391,2,1.0,3,0.0,8.0,Chennai,8510000.0
1453,4,4.0,2,0.0,14.0,Bangalore,9400000.0
1884,5,4.0,3,1.0,9.0,Hyderabad,11867000.0
1213,5,5.0,3,1.0,3.0,Chennai,8448000.0
1323,4,3.0,1,0.0,26.0,Chennai,7744000.0
1354,3,2.0,3,1.0,8.0,Delhi,14890000.0
1615,4,4.0,1,2.0,15.0,Pune,10588000.0
1035,4,3.0,2,1.0,1.0,Delhi,10584000.0
1957,1,1.0,3,1.0,8.0,Delhi,24410000.0
1326,4,3.0,2,3.0,11.0,Delhi,14436000.0
1506,5,4.0,3,1.0,1.0,Chennai,8338000.0
1630,6,5.0,1,1.0,8.0,Delhi,15465000.0
1466,6,6.0,2,3.0,1.0,Hyderabad,8898000.0
1232,2,1.0,2,0.0,3.0,Delhi,12384000.0
592,1,1.0,3,1.0,15.0,Bangalore,3900000.0
1550,2,2.0,3,0.0,9.0,Hyderabad,7732000.0
2468,6,6.0,3,1.0,16.0,Mumbai,39583000.0
2155,2,1.0,3,0.0,37.0,Mumbai,33453000.0
1791,2,1.0,1,0.0,3.0,Chennai,10378000.0
779,1,1.0,3,2.0,20.0,Hyderabad,4657000.0
1190,3,2.0,2,0.0,3.0,Delhi,13324000.0
1650,1,1.0,2,1.0,4.0,Pune,12758000.0
1522,6,5.0,2,0.0,10.0,Hyderabad,9215000.0
2368,3,2.0,2,0.0,0.0,Mumbai,41711000.0
2088,2,1.0,1,0.0,12.0,Chennai,13636000.0
1322,6,6.0,2,1.0,8.0,Chennai,9192000.0
1575,4,3.0,3,0.0,5.0,Mumbai,24207000.0
2022,2,1.0,1,4.0,1.0,Hyderabad,11234000.0
1558,3,2.0,2,2.0,5.0,Bangalore,11211000.0
1506,6,6.0,1,1.0,14.0,Bangalore,11174000.0
1288,2,2.0,1,1.0,10.0,Mumbai,23358000.0
1331,5,5.0,1,0.0,6.0,Delhi,13115000.0
1190,3,3.0,1,2.0,7.0,Hyderabad,7695000.0
2068,4,3.0,1,1.0,1.0,Bangalore,14029000.0
748,3,2.0,1,0.0,26.0,Hyderabad,4865000.0
795,6,6.0,3,0.0,18.0,Delhi,9133000.0
1522,3,3.0,2,1.0,1.0,Bangalore,9845000.0
1878,6,5.0,1,0.0,1.0,Mumbai,29849000.0
1396,2,1.0,1,0.0,1.0,Bangalore,7494000.0
1221,4,3.0,3,4.0,3.0,Hyderabad,8709000.0
829,1,1.0,1,1.0,0.0,Delhi,8413000.0
2530,6,6.0,1,1.0,3.0,Pune,17307000.0
1086,4,3.0,2,1.0,3.0,Bangalore,7438000.0
2097,3,3.0,1,1.0,8.0,Chennai,12585000.0
1752,4,4.0,3,0.0,1.0,Hyderabad,10550000.0
847,4,3.0,3,2.0,6.0,Chennai,5575000.0
2226,6,6.0,2,1.0,,Mumbai,36520000.0
2637,2,1.0,1,1.0,4.0,Delhi,32232000.0
1020,2,2.0,3,0.0,5.0,Hyderabad,5605000.0
1723,4,3.0,3,0.0,14.0,Chennai,11185000.0
1310,2,1.0,3,1.0,9.0,Mumbai,15444000.0
1687,2,2.0,3,3.0,23.0,Hyderabad,10332000.0
1853,3,2.0,3,0.0,37.0,Hyderabad,8770000.0
1724,3,2.0,1,3.0,4.0,Pune,12010000.0
1172,5,5.0,2,1.0,3.0,Mumbai,21846000.0
1490,3,2.0,3,1.0,16.0,Chennai,8628000.0
1096,1,1.0,1,1.0,2.0,Chennai,6482000.0
1892,2,2.0,2,2.0,6.0,Pune,14027000.0
3127,1,1.0,1,0.0,3.0,Bangalore,21773000.0
540,6,5.0,3,2.0,2.0,Delhi,7319000.0
1598,3,2.0,1,1.0,13.0,Bangalore,10627000.0
714,4,3.0,2,3.0,1.0,Hyderabad,4702000.0
1461,2,2.0,2,2.0,8.0,Hyderabad,8247000.0
1557,5,4.0,2,2.0,9.0,Bangalore,11088000.0
797,5,4.0,3,1.0,0.0,Chennai,6758000.0
400,3,3.0,2,1.0,4.0,Mumbai,6961000.0
2161,3,3.0,1,1.0,7.0,Pune,15129000.0
2201,6,5.0,2,0.0,8.0,Chennai,13780000.0
1605,3,3.0,2,1.0,2.0,Delhi,19884000.0
1763,3,2.0,2,0.0,36.0,Bangalore,12383000.0
1788,4,4.0,3,1.0,4.0,Pune,11769000.0
493,2,1.0,3,3.0,12.0,Mumbai,8536000.0
1231,5,5.0,3,1.0,0.0,Delhi,10923000.0
1852,5,5.0,3,0.0,1.0,Bangalore,11496000.0
1257,3,3.0,3,2.0,8.0,Chennai,7907000.0
1152,5,5.0,1,2.0,4.0,Pune,8901000.0
1852,2,1.0,3,0.0,13.0,Hyderabad,9393000.0
1629,3,3.0,3,0.0,5.0,Hyderabad,9967000.0
1342,5,5.0,3,0.0,5.0,Delhi,16077000.0
1824,6,5.0,2,0.0,1.0,Pune,14118000.0
1294,6,5.0,1,0.0,1.0,Hyderabad,8094000.0
2306,5,4.0,1,3.0,3.0,Hyderabad,14477000.0
1955,2,2.0,1,3.0,5.0,Bangalore,13281000.0
2265,3,3.0,3,0.0,2.0,Mumbai,33420000.0
1751,4,4.0,3,1.0,8.0,Chennai,10283000.0
1395,6,5.0,2,1.0,32.0,Chennai,8405000.0
1970,6,6.0,1,1.0,14.0,Hyderabad,12090000.0
1067,2,1.0,3,1.0,8.0,Pune,7988000.0
915,4,3.0,2,1.0,0.0,Delhi,9906000.0
1258,5,5.0,2,0.0,21.0,Delhi,15986000.0
1505,2,1.0,3,1.0,9.0,Mumbai,24533000.0
495,2,2.0,3,1.0,7.0,Pune,3974000.0
1814,3,2.0,1,0.0,12.0,Mumbai,26890000.0
1756,3,3.0,2,1.0,7.0,Mumbai,25350000.0
1721,3,3.0,3,1.0,26.0,Chennai,9811000.0
1363,6,6.0,1,0.0,4.0,Delhi,15066000.0
1293,4,3.0,2,1.0,3.0,Bangalore,9073000.0
2309,1,1.0,2,1.0,16.0,Hyderabad,11056000.0
870,2,1.0,3,4.0,0.0,Chennai,5409000.0
1440,4,3.0,2,2.0,3.0,Delhi,14087000.0
2096,3,,2,0.0,8.0,Chennai,12346000.0
959,5,5.0,1,0.0,0.0,Chennai,6820000.0
1223,5,4.0,2,1.0,0.0,Mumbai,19837000.0
1792,5,,3,1.0,5.0,Pune,14256000.0
1725,3,2.0,2,1.0,0.0,Chennai,10054000.0
505,3,2.0,2,1.0,20.0,Delhi,5499000.0
1115,4,3.0,2,1.0,2.0,Bangalore,7876000.0
2324,2,2.0,2,1.0,10.0,Hyderabad,12389000.0
1099,6,6.0,1,1.0,13.0,Delhi,11254000.0
811,3,2.0,3,1.0,3.0,Chennai,5538000.0
2190,3,2.0,3,1.0,,Hyderabad,12218000.0
2112,3,3.0,2,3.0,3.0,Mumbai,35509000.0
1591,1,1.0,3,4.0,0.0,Hyderabad,8802000.0
2005,2,1.0,2,1.0,9.0,Chennai,11336000.0
1768,4,4.0,1,0.0,7.0,Delhi,17786000.0
2304,2,1.0,3,4.0,1.0,Pune,18666000.0
1356,6,6.0,1,1.0,1.0,Hyderabad,9464000.0
424,3,2.0,2,0.0,19.0,Bangalore,3006000.0
2103,2,1.0,1,0.0,0.0,Chennai,12328000.0
1824,3,2.0,1,2.0,0.0,Mumbai,28249000.0
1971,2,1.0,2,1.0,6.0,Hyderabad,8243000.0
1011,4,4.0,3,1.0,12.0,Bangalore,6782000.0
2047,2,1.0,3,1.0,6.0,Mumbai,30854000.0
1731,6,5.0,3,1.0,5.0,Mumbai,31960000.0
1514,2,1.0,2,1.0,8.0,Pune,11085000.0
991,3,3.0,3,0.0,12.0,Hyderabad,5395000.0
873,1,1.0,1,1.0,3.0,Hyderabad,5528000.0
1255,4,3.0,2,1.0,0.0,Pune,9917000.0
1096,3,3.0,1,0.0,8.0,Pune,7154000.0
1990,3,3.0,2,2.0,1.0,Chennai,11845000.0
1730,4,4.0,3,1.0,10.0,Hyderabad,9990000.0
1091,3,3.0,1,1.0,11.0,Pune,8164000.0
626,3,2.0,2,2.0,10.0,Pune,4761000.0
1102,4,4.0,2,0.0,5.0,Bangalore,8155000.0
1786,4,4.0,3,2.0,6.0,Pune,13047000.0
1304,4,4.0,1,1.0,3.0,Bangalore,8994000.0
1130,6,6.0,3,0.0,32.0,Hyderabad,6801000.0
1495,2,2.0,2,2.0,6.0,Chennai,7601000.0
1580,3,3.0,3,0.0,6.0,Chennai,9309000.0
1626,4,3.0,3,2.0,8.0,Delhi,16971000.0
1149,2,1.0,2,0.0,6.0,Bangalore,8216000.0
413,4,4.0,2,1.0,5.0,Hyderabad,3196000.0
1859,6,5.0,2,0.0,37.0,Mumbai,32924000.0
1079,4,4.0,1,1.0,3.0,Mumbai,17240000.0
1332,3,3.0,2,2.0,7.0,Mumbai,18341000.0
2701,5,4.0,3,0.0,6.0,Bangalore,19842000.0
1665,3,3.0,2,3.0,2.0,Mumbai,22883000.0
902,4,4.0,1,0.0,15.0,Bangalore,5953000.0
1058,4,4.0,3,2.0,19.0,Chennai,5932000.0
2815,2,1.0,1,1.0,5.0,Delhi,27634000.0
1665,5,4.0,1,1.0,1.0,Mumbai,28138000.0
713,1,1.0,3,1.0,3.0,Bangalore,5205000.0
959,2,1.0,3,2.0,1.0,Hyderabad,5990000.0
1328,3,2.0,1,4.0,3.0,Delhi,16554000.0
1911,3,2.0,1,1.0,1.0,Pune,12414000.0
1284,4,4.0,1,3.0,3.0,Bangalore,8180000.0
1612,5,4.0,1,1.0,1.0,Delhi,16937000.0
2442,2,2.0,3,1.0,0.0,Delhi,24145000.0
1768,4,4.0,1,0.0,0.0,Chennai,10265000.0
1542,2,1.0,3,2.0,15.0,Pune,10492000.0
1436,4,,2,0.0,16.0,Chennai,8169000.0
488,3,3.0,1,1.0,0.0,Pune,4547000.0
1686,4,4.0,1,1.0,8.0,Bangalore,11672000.0
961,4,4.0,2,1.0,12.0,Mumbai,18487000.0
1341,6,6.0,2,0.0,1.0,Chennai,8715000.0
1384,3,2.0,3,1.0,1.0,Bangalore,7744000.0
1400,2,2.0,1,3.0,29.0,Chennai,8019000.0
2244,3,,2,2.0,14.0,Hyderabad,13647000.0
673,6,6.0,3,1.0,0.0,Hyderabad,5601000.0
1484,2,2.0,1,2.0,3.0,Pune,9526000.0
1553,6,6.0,2,0.0,5.0,Delhi,16989000.0
1250,5,5.0,3,1.0,5.0,Bangalore,8961000.0
1281,2,2.0,2,0.0,7.0,Hyderabad,6225000.0
2254,6,6.0,2,1.0,6.0,Hyderabad,12623000.0
1812,4,4.0,3,1.0,5.0,Bangalore,11487000.0
1881,5,5.0,2,0.0,2.0,Mumbai,33529000.0
1450,4,3.0,3,1.0,2.0,Chennai,8661000.0
2239,6,6.0,1,1.0,15.0,Pune,16774000.0
1017,5,4.0,3,1.0,0.0,Hyderabad,6647000.0
878,6,6.0,2,0.0,2.0,Delhi,10731000.0
1451,2,1.0,3,2.0,19.0,Pune,9837000.0
634,3,2.0,2,3.0,5.0,Mumbai,11723000.0
1079,3,2.0,1,0.0,6.0,Hyderabad,6914000.0
1056,4,4.0,1,2.0,31.0,Pune,7502000.0
703,5,5.0,2,1.0,13.0,Chennai,5297000.0
1596,3,3.0,2,1.0,0.0,Hyderabad,10249000.0
1578,3,2.0,3,3.0,7.0,Mumbai,28208000.0
2163,2,1.0,2,0.0,1.0,Bangalore,12094000.0
1234,3,3.0,2,3.0,8.0,Hyderabad,8132000.0
1039,3,2.0,3,3.0,20.0,Chennai,6396000.0
2560,1,1.0,3,2.0,16.0,Pune,19295000.0
1836,3,2.0,1,1.0,5.0,Pune,13398000.0
1370,2,2.0,2,0.0,4.0,Mumbai,23246000.0
1315,3,2.0,2,1.0,0.0,Mumbai,22038000.0
1966,3,2.0,2,1.0,3.0,Bangalore,13173000.0
1915,3,3.0,2,1.0,1.0,Mumbai,31124000.0
2520,5,,3,1.0,9.0,Delhi,29304000.0
1504,4,4.0,3,2.0,2.0,Mumbai,19671000.0
1431,6,6.0,2,1.0,5.0,Chennai,9115000.0
1780,2,1.0,3,1.0,4.0,Pune,11730000.0
1763,3,3.0,1,0.0,1.0,Delhi,17267000.0
1910,3,2.0,2,1.0,4.0,Mumbai,23271000.0
1814,1,1.0,2,0.0,7.0,Pune,11829000.0
1125,5,,2,0.0,5.0,Bangalore,9687000.0
1126,4,4.0,1,0.0,0.0,Pune,8929000.0
1452,5,4.0,3,2.0,2.0,Hyderabad,8465000.0
2931,1,1.0,1,2.0,4.0,Delhi,32522000.0
477,6,5.0,3,3.0,5.0,Delhi,5795000.0
2168,3,2.0,2,3.0,11.0,Mumbai,35291000.0
1917,3,3.0,2,0.0,7.0,Delhi,19806000.0
772,4,4.0,3,2.0,1.0,Pune,6230000.0
1368,4,3.0,3,3.0,11.0,Hyderabad,8498000.0
1237,6,6.0,2,2.0,1.0,Bangalore,8913000.0
1314,3,3.0,2,1.0,3.0,Pune,10908000.0
1078,4,3.0,1,3.0,9.0,Mumbai,18393000.0
2179,6,5.0,1,2.0,3.0,Mumbai,31250000.0
2138,2,2.0,1,2.0,1.0,Chennai,10856000.0
2494,3,3.0,1,1.0,2.0,Chennai,14946000.0
1815,4,4.0,2,1.0,0.0,Mumbai,29329000.0
1821,6,5.0,1,2.0,0.0,Pune,13821000.0
1514,2,1.0,1,3.0,13.0,Bangalore,9207000.0
1215,6,5.0,2,1.0,1.0,Delhi,15921000.0
1525,5,5.0,3,2.0,2.0,Delhi,17840000.0
1567,4,3.0,1,1.0,7.0,Mumbai,26768000.0
1702,3,3.0,1,1.0,0.0,Bangalore,11886000.0
806,3,3.0,2,4.0,11.0,Mumbai,13846000.0
1341,4,4.0,3,0.0,2.0,Pune,10573000.0
1088,2,2.0,1,0.0,,Chennai,7471000.0
1297,4,4.0,1,0.0,2.0,Delhi,13268000.0
2463,6,6.0,1,1.0,28.0,Pune,18721000.0
1079,2,1.0,2,1.0,1.0,Pune,7673000.0
1170,1,1.0,3,3.0,32.0,Bangalore,6115000.0
1026,3,3.0,3,1.0,10.0,Bangalore,6640000.0
1580,3,,3,0.0,4.0,Pune,12018000.0
1667,6,5.0,3,3.0,0.0,Bangalore,12493000.0
2046,2,1.0,2,1.0,10.0,Mumbai,30474000.0
2368,5,4.0,1,1.0,13.0,Pune,18978000.0
1355,5,5.0,1,0.0,2.0,Bangalore,9750000.0
1100,4,3.0,1,0.0,0.0,Mumbai,19941000.0
915,3,3.0,3,1.0,2.0,Bangalore,6795000.0
400,3,3.0,1,0.0,6.0,Chennai,2675000.0
1716,5,5.0,1,2.0,13.0,Pune,13198000.0
400,3,2.0,3,1.0,27.0,Chennai,2956000.0
2292,3,2.0,3,0.0,12.0,Delhi,26563000.0
2498,3,3.0,1,0.0,1.0,Pune,17765000.0
1042,3,3.0,2,2.0,8.0,Pune,7646000.0
1344,6,5.0,3,1.0,4.0,Hyderabad,8979000.0
1604,3,,2,1.0,0.0,Hyderabad,10225000.0
1055,3,3.0,2,0.0,12.0,Hyderabad,6582000.0
1119,3,2.0,3,1.0,6.0,Chennai,6806000.0
1919,2,2.0,2,0.0,27.0,Pune,11641000.0
2088,5,4.0,2,1.0,13.0,Delhi,22217000.0
445,3,3.0,3,0.0,0.0,Bangalore,2931000.0
2128,3,2.0,1,0.0,2.0,Delhi,21538000.0
1497,4,4.0,1,0.0,0.0,Bangalore,9087000.0
963,2,1.0,1,3.0,2.0,Bangalore,6591000.0
439,3,2.0,1,2.0,6.0,Bangalore,3720000.0
1534,1,1.0,3,3.0,8.0,Hyderabad,6925000.0
1407,4,3.0,3,0.0,3.0,Pune,10800000.0
706,3,2.0,1,1.0,5.0,Delhi,8856000.0
1569,3,3.0,2,1.0,6.0,Chennai,9451000.0
1365,3,2.0,1,0.0,0.0,Bangalore,9674000.0
2373,1,1.0,3,0.0,8.0,Hyderabad,12954000.0
2877,6,5.0,2,0.0,2.0,Bangalore,15766000.0
640,1,1.0,2,0.0,9.0,Mumbai,10359000.0
2093,5,5.0,3,3.0,9.0,Chennai,11192000.0
2156,4,4.0,2,0.0,1.0,Chennai,13883000.0
1505,3,2.0,1,0.0,1.0,Bangalore,10141000.0
1687,2,1.0,1,2.0,2.0,Chennai,10410000.0
1239,5,4.0,2,1.0,5.0,Hyderabad,8543000.0
1068,2,1.0,3,0.0,0.0,Chennai,6344000.0
1052,4,3.0,1,1.0,9.0,Hyderabad,6697000.0
1555,4,3.0,2,0.0,2.0,Hyderabad,9737000.0
1624,2,1.0,3,0.0,0.0,Bangalore,10059000.0
591,4,4.0,2,3.0,4.0,Hyderabad,4100000.0
1796,3,3.0,2,1.0,0.0,Delhi,18323000.0
1880,6,5.0,3,0.0,9.0,Delhi,19322000.0
2062,3,2.0,3,0.0,4.0,Hyderabad,10296000.0
1563,4,3.0,3,1.0,13.0,Pune,11907000.0
1620,2,2.0,3,0.0,2.0,Bangalore,11533000.0
1422,4,4.0,1,1.0,5.0,Mumbai,26494000.0
1968,5,4.0,3,1.0,3.0,Pune,15675000.0
1170,4,3.0,3,0.0,1.0,Mumbai,17296000.0
1199,5,4.0,1,1.0,,Hyderabad,7041000.0
1593,3,2.0,1,0.0,3.0,Pune,11213000.0
1234,1,1.0,3,0.0,1.0,Bangalore,7862000.0
1190,1,1.0,2,2.0,4.0,Mumbai,19242000.0
1583,4,3.0,1,2.0,2.0,Hyderabad,8826000.0
2297,3,2.0,1,1.0,2.0,Hyderabad,12071000.0
690,4,3.0,3,0.0,7.0,Pune,5511000.0
1650,3,3.0,3,,3.0,Mumbai,29872000.0
1570,1,1.0,2,0.0,14.0,Chennai,8272000.0
2054,3,2.0,1,2.0,9.0,Bangalore,12528000.0
894,3,2.0,2,1.0,1.0,Delhi,10536000.0
2041,5,5.0,1,2.0,1.0,Mumbai,32906000.0
2353,6,5.0,3,0.0,13.0,Pune,17734000.0
1627,5,4.0,1,2.0,19.0,Pune,12147000.0
1524,6,5.0,2,3.0,16.0,Chennai,9651000.0
838,4,3.0,1,1.0,2.0,Hyderabad,5002000.0
499,2,1.0,2,0.0,11.0,Delhi,5971000.0
1550,4,4.0,1,3.0,11.0,Hyderabad,9535000.0
2327,3,3.0,2,1.0,12.0,Chennai,13033000.0
1629,5,5.0,2,2.0,0.0,Hyderabad,9334000.0
1725,5,5.0,2,0.0,8.0,Bangalore,12249000.0
1678,3,2.0,3,2.0,2.0,Delhi,16298000.0
1754,4,3.0,1,3.0,,Bangalore,10783000.0
978,4,3.0,1,0.0,13.0,Pune,8109000.0
1504,6,5.0,3,1.0,6.0,Hyderabad,9867000.0
1774,5,4.0,1,2.0,0.0,Chennai,10240000.0
1358,4,3.0,2,0.0,2.0,Bangalore,8854000.0
1235,6,6.0,3,1.0,21.0,Chennai,7932000.0
400,3,3.0,1,1.0,34.0,Delhi,4926000.0
2100,4,4.0,3,1.0,9.0,Delhi,21090000.0
957,2,1.0,3,1.0,13.0,Delhi,9836000.0
1789,4,3.0,3,2.0,0.0,Pune,14474000.0
1488,2,2.0,3,0.0,6.0,Chennai,8989000.0
1393,3,2.0,2,0.0,19.0,Pune,9506000.0
1866,2,2.0,1,3.0,6.0,Bangalore,11729000.0
992,3,3.0,2,1.0,1.0,Pune,7954000.0
1557,1,1.0,1,2.0,8.0,Chennai,8083000.0
1397,4,,3,1.0,16.0,Chennai,8980000.0
1004,6,5.0,2,1.0,5.0,Pune,8983000.0
1187,1,1.0,2,2.0,0.0,Delhi,12677000.0
873,1,1.0,2,0.0,0.0,Bangalore,5423000.0
471,3,2.0,1,4.0,1.0,Pune,4680000.0
2217,1,1.0,3,0.0,9.0,Delhi,23299000.0
1469,6,5.0,2,4.0,5.0,Chennai,10062000.0
1086,3,2.0,2,1.0,23.0,Mumbai,16206000.0
1444,3,3.0,3,4.0,7.0,Hyderabad,7076000.0
1626,2,2.0,2,0.0,4.0,Pune,12425000.0
1870,3,3.0,2,1.0,10.0,Bangalore,12784000.0
838,3,2.0,2,1.0,3.0,Delhi,9683000.0
2086,3,2.0,3,1.0,3.0,Bangalore,13367000.0
1333,3,2.0,3,0.0,31.0,Bangalore,8990000.0
1257,3,3.0,1,1.0,32.0,Pune,9484000.0
1326,4,4.0,2,0.0,26.0,Hyderabad,7736000.0
1262,2,1.0,1,2.0,11.0,Delhi,12173000.0
1415,5,4.0,1,0.0,13.0,Bangalore,9922000.0
2010,3,2.0,1,0.0,15.0,Bangalore,10195000.0
2106,6,5.0,3,0.0,14.0,Chennai,14910000.0
1992,3,2.0,3,0.0,1.0,Chennai,11338000.0
706,2,1.0,1,2.0,15.0,Bangalore,5576000.0
1774,4,4.0,1,0.0,4.0,Hyderabad,10371000.0
916,6,6.0,2,2.0,19.0,Hyderabad,6639000.0
1681,3,3.0,3,0.0,0.0,Delhi,18039000.0
1387,6,5.0,3,2.0,3.0,Chennai,9344000.0
1524,4,4.0,2,0.0,4.0,Pune,12828000.0
1219,3,3.0,2,2.0,16.0,Bangalore,8064000.0
2159,4,4.0,2,2.0,8.0,Mumbai,33530000.0
1160,6,6.0,1,1.0,17.0,Bangalore,8722000.0
2256,3,3.0,3,0.0,4.0,Hyderabad,14793000.0
1848,6,6.0,1,3.0,14.0,Mumbai,30154000.0
1787,2,1.0,2,2.0,6.0,Bangalore,12666000.0
2860,4,4.0,2,0.0,0.0,Pune,20986000.0
1481,3,2.0,3,1.0,22.0,Hyderabad,7719000.0
1927,3,3.0,3,1.0,12.0,Delhi,19900000.0
1266,4,4.0,2,0.0,1.0,Chennai,8366000.0
829,2,2.0,2,2.0,0.0,Pune,6584000.0
1148,4,4.0,1,1.0,12.0,Mumbai,16769000.0
833,5,4.0,3,2.0,13.0,Delhi,10228000.0
400,6,5.0,3,1.0,5.0,Chennai,3818000.0
1799,3,2.0,3,,0.0,Hyderabad,10726000.0
1482,3,3.0,2,0.0,5.0,Hyderabad,6561000.0
1205,4,3.0,3,0.0,3.0,Chennai,8626000.0
1005,4,4.0,3,1.0,21.0,Chennai,6757000.0
1154,4,3.0,1,1.0,5.0,Hyderabad,7326000.0
1294,5,5.0,3,0.0,,Pune,10772000.0
-1,2,2.0,1,1.0,0.0,Mumbai,18148000.0
1589,4,3.0,2,3.0,8.0,Delhi,17363000.0
1867,1,1.0,1,1.0,20.0,Delhi,17666000.0
1303,6,6.0,3,1.0,9.0,Delhi,15626000.0
1603,2,2.0,1,0.0,11.0,Pune,11893000.0
977,5,4.0,2,1.0,,Pune,8738000.0
2845,4,3.0,1,1.0,13.0,Delhi,26636000.0
1781,5,5.0,3,2.0,1.0,Hyderabad,11357000.0
2510,3,2.0,2,1.0,1.0,Bangalore,17022000.0
400,3,2.0,1,3.0,13.0,Pune,3501000.0
1634,6,5.0,1,1.0,7.0,Bangalore,9876000.0
1457,4,4.0,2,1.0,3.0,Chennai,9683000.0
868,4,4.0,1,0.0,0.0,Chennai,6952000.0
1653,2,1.0,1,0.0,5.0,Chennai,9145000.0
711,3,2.0,2,4.0,13.0,Hyderabad,4302000.0
523,2,2.0,2,2.0,0.0,Pune,3699000.0
1359,4,4.0,3,1.0,3.0,Chennai,7584000.0
862,1,1.0,2,2.0,6.0,Delhi,9345000.0
1476,6,6.0,2,1.0,23.0,Bangalore,10648000.0
1768,3,3.0,3,1.0,3.0,Mumbai,27714000.0
2030,4,3.0,1,1.0,14.0,Hyderabad,11510000.0
1357,5,5.0,3,1.0,9.0,Pune,10748000.0
1514,2,1.0,1,0.0,16.0,Hyderabad,7558000.0
1552,1,1.0,3,1.0,0.0,Hyderabad,9304000.0
400,5,4.0,3,4.0,11.0,Chennai,3233000.0
1260,4,3.0,2,1.0,7.0,Mumbai,21255000.0
571,4,3.0,1,0.0,1.0,Pune,4640000.0
1478,2,1.0,2,0.0,9.0,Bangalore,8788000.0
2469,2,2.0,2,0.0,7.0,Mumbai,38157000.0
1969,2,2.0,3,1.0,4.0,Pune,13944000.0
1538,2,2.0,2,0.0,0.0,Hyderabad,8393000.0
1452,1,1.0,2,0.0,6.0,Pune,10337000.0
1694,6,5.0,2,2.0,6.0,Mumbai,24855000.0
2092,3,3.0,3,1.0,4.0,Bangalore,13533000.0
1022,1,1.0,3,0.0,1.0,Chennai,6883000.0
1428,5,4.0,1,4.0,17.0,Mumbai,24414000.0
928,4,3.0,2,2.0,4.0,Pune,7436000.0
1312,1,1.0,3,,8.0,Chennai,7811000.0
1142,3,3.0,2,0.0,4.0,Bangalore,7624000.0
897,4,3.0,3,3.0,2.0,Bangalore,6306000.0
1635,4,3.0,1,2.0,2.0,Mumbai,26378000.0
1446,4,3.0,3,1.0,8.0,Chennai,9239000.0
2371,6,5.0,1,2.0,20.0,Bangalore,16141000.0
1278,4,3.0,1,2.0,26.0,Hyderabad,6383000.0
1533,4,4.0,3,4.0,1.0,Hyderabad,9784000.0
654,6,6.0,2,2.0,2.0,Delhi,9563000.0
1817,3,2.0,3,1.0,4.0,Mumbai,29273000.0
1752,5,4.0,2,0.0,18.0,Hyderabad,9993000.0
2098,5,4.0,3,1.0,0.0,Delhi,22920000.0
1999,3,3.0,1,1.0,1.0,Chennai,10541000.0
2227,2,1.0,2,1.0,1.0,Pune,15266000.0
1583,6,5.0,1,3.0,4.0,Pune,12508000.0
1822,3,2.0,2,0.0,12.0,Chennai,9636000.0
1044,2,,3,0.0,25.0,Chennai,6618000.0
898,3,3.0,3,0.0,5.0,Pune,7944000.0
1217,6,5.0,1,2.0,15.0,Mumbai,17282000.0
1439,5,5.0,3,0.0,2.0,Hyderabad,7450000.0
968,3,2.0,2,2.0,14.0,Mumbai,14965000.0
2117,4,3.0,3,1.0,1.0,Bangalore,13845000.0
2056,5,4.0,3,0.0,7.0,Chennai,12579000.0
2061,3,3.0,3,2.0,12.0,Mumbai,37914000.0
1318,4,3.0,1,1.0,5.0,Bangalore,10414000.0
834,6,5.0,3,2.0,3.0,Pune,7114000.0
1535,2,2.0,3,2.0,0.0,Mumbai,23214000.0
1298,2,2.0,2,2.0,7.0,Hyderabad,8133000.0
1750,4,4.0,3,1.0,10.0,Hyderabad,10132000.0
1857,3,3.0,3,0.0,8.0,Chennai,11513000.0
1815,2,2.0,1,3.0,1.0,Bangalore,11540000.0
1113,1,1.0,1,1.0,13.0,Hyderabad,6455000.0
2133,5,5.0,3,0.0,2.0,Mumbai,37437000.0
1551,2,1.0,1,1.0,0.0,Pune,10791000.0
1388,3,3.0,2,2.0,1.0,Bangalore,10278000.0
1736,4,4.0,3,2.0,8.0,Delhi,17420000.0
1922,3,3.0,2,1.0,5.0,Mumbai,28214000.0
1364,2,1.0,2,1.0,5.0,Bangalore,8587000.0
569,6,5.0,3,2.0,8.0,Hyderabad,4611000.0
1322,2,1.0,2,1.0,0.0,Chennai,8567000.0
1495,4,4.0,1,3.0,0.0,Chennai,8855000.0
1884,3,2.0,3,1.0,5.0,Hyderabad,10405000.0
1478,4,4.0,1,3.0,6.0,Chennai,9384000.0
1081,5,5.0,2,2.0,7.0,Mumbai,17202000.0
2118,4,4.0,3,1.0,1.0,Mumbai,36274000.0
1898,3,3.0,1,0.0,13.0,Bangalore,12473000.0
1062,2,1.0,3,1.0,12.0,Bangalore,8271000.0
1461,4,4.0,3,2.0,0.0,Delhi,16676000.0
1681,2,,2,1.0,6.0,Delhi,17475000.0
479,2,1.0,1,1.0,8.0,Bangalore,3420000.0
2131,2,2.0,1,3.0,4.0,Mumbai,34358000.0
1343,3,2.0,3,2.0,1.0,Mumbai,22206000.0
1518,3,3.0,2,1.0,1.0,Bangalore,10086000.0
2077,1,1.0,3,0.0,9.0,Chennai,12780000.0
1469,6,6.0,1,1.0,14.0,Mumbai,25476000.0
1560,5,5.0,2,0.0,14.0,Pune,10875000.0
2296,1,1.0,1,1.0,7.0,Mumbai,43072000.0
1869,2,2.0,3,3.0,5.0,Mumbai,28606000.0
1781,4,4.0,2,0.0,13.0,Mumbai,30024000.0
1251,6,5.0,3,2.0,4.0,Hyderabad,6585000.0
578,4,3.0,3,0.0,16.0,Hyderabad,3427000.0
807,2,2.0,3,0.0,0.0,Delhi,9200000.0
1266,4,3.0,2,1.0,5.0,Hyderabad,7389000.0
1594,6,5.0,2,0.0,11.0,Pune,12421000.0
1237,3,3.0,2,0.0,11.0,Chennai,7847000.0
1634,4,3.0,3,1.0,17.0,Delhi,17604000.0
1498,3,3.0,3,1.0,3.0,Mumbai,24037000.0
1960,3,3.0,1,0.0,3.0,Mumbai,31936000.0
1523,1,1.0,1,1.0,5.0,Chennai,8056000.0
2076,6,5.0,2,1.0,11.0,Mumbai,32237000.0
1201,4,3.0,3,1.0,3.0,Pune,8841000.0
1601,6,6.0,2,1.0,0.0,Mumbai,23641000.0
1662,2,2.0,2,0.0,2.0,Chennai,10434000.0
1275,6,6.0,1,2.0,4.0,Bangalore,10387000.0
1838,3,2.0,1,3.0,1.0,Hyderabad,10190000.0
1179,3,3.0,3,1.0,15.0,Chennai,7211000.0
1779,1,1.0,1,1.0,0.0,Delhi,16900000.0
1277,2,1.0,2,2.0,6.0,Bangalore,9297000.0
1621,3,2.0,2,1.0,15.0,Pune,12339000.0
445,1,1.0,1,1.0,9.0,Pune,3743000.0
1821,3,3.0,2,3.0,4.0,Delhi,19531000.0
1718,5,4.0,3,0.0,16.0,Hyderabad,10492000.0
1266,3,3.0,3,0.0,0.0,Delhi,15678000.0
1065,3,2.0,1,1.0,0.0,Delhi,11541000.0
2359,2,1.0,2,1.0,7.0,Bangalore,16540000.0
2175,1,1.0,2,2.0,17.0,Hyderabad,11874000.0
1369,6,5.0,2,3.0,3.0,Hyderabad,9025000.0
1487,3,3.0,2,3.0,25.0,Delhi,15099000.0
425,4,4.0,1,1.0,2.0,Hyderabad,3986000.0
1973,2,2.0,1,0.0,5.0,Bangalore,12127000.0
1315,6,6.0,2,1.0,5.0,Pune,10262000.0
2085,4,3.0,3,3.0,33.0,Mumbai,34511000.0
1734,6,6.0,3,0.0,0.0,Pune,10467000.0
1513,5,4.0,1,2.0,0.0,Pune,11463000.0
2188,4,4.0,1,0.0,10.0,Hyderabad,12937000.0
1638,2,1.0,3,2.0,19.0,Pune,11234000.0
437,2,2.0,3,2.0,6.0,Hyderabad,3094000.0
1600,6,6.0,1,2.0,5.0,Chennai,11727000.0
1499,4,4.0,1,1.0,4.0,Pune,10397000.0
1817,4,3.0,1,0.0,2.0,Delhi,19811000.0
1951,1,1.0,2,0.0,11.0,Pune,14149000.0
1553,5,4.0,2,1.0,0.0,Hyderabad,10525000.0
1018,4,3.0,2,1.0,6.0,Chennai,6547000.0
1636,4,4.0,3,0.0,3.0,Bangalore,11374000.0
1042,2,1.0,2,0.0,5.0,Mumbai,14661000.0
1383,5,4.0,3,0.0,9.0,Chennai,10079000.0
2265,2,2.0,3,3.0,5.0,Chennai,13838000.0
1660,4,3.0,2,1.0,6.0,Chennai,10958000.0
1101,3,3.0,3,2.0,7.0,Bangalore,7272000.0
1328,2,1.0,2,0.0,1.0,Hyderabad,7347000.0
400,5,4.0,1,3.0,6.0,Chennai,3656000.0
947,4,4.0,3,0.0,4.0,Pune,7469000.0
1373,6,6.0,1,2.0,0.0,Chennai,9133000.0
1602,3,3.0,1,2.0,18.0,Chennai,9784000.0
2878,6,6.0,3,1.0,0.0,Bangalore,19566000.0
1294,3,2.0,3,1.0,2.0,Pune,9276000.0
1334,4,4.0,3,1.0,3.0,Pune,9115000.0
1858,4,3.0,2,2.0,1.0,Bangalore,13415000.0
846,3,3.0,2,1.0,32.0,Bangalore,5702000.0
1357,6,5.0,2,3.0,1.0,Hyderabad,8129000.0
418,3,2.0,3,0.0,9.0,Pune,3333000.0
1429,4,4.0,3,2.0,9.0,Chennai,8123000.0
1959,3,3.0,3,1.0,19.0,Pune,13325000.0
667,5,5.0,3,0.0,1.0,Delhi,7961000.0
1421,3,2.0,1,3.0,11.0,Delhi,14631000.0
1627,5,5.0,3,1.0,3.0,Delhi,18549000.0
788,2,2.0,3,2.0,7.0,Hyderabad,4522000.0
1812,5,4.0,1,0.0,0.0,Hyderabad,10235000.0
900,4,3.0,1,2.0,3.0,Hyderabad,5916000.0
1655,4,4.0,2,2.0,6.0,Hyderabad,9228000.0
2057,5,5.0,3,2.0,4.0,Chennai,12411000.0
795,3,2.0,1,3.0,2.0,Bangalore,6050000.0
1288,2,2.0,2,0.0,1.0,Mumbai,21390000.0
875,4,4.0,3,0.0,4.0,Mumbai,16437000.0
2316,5,5.0,1,1.0,4.0,Mumbai,37401000.0
966,2,2.0,3,1.0,15.0,Pune,7089000.0
1805,1,1.0,1,0.0,3.0,Mumbai,29133000.0
1603,5,4.0,3,1.0,9.0,Hyderabad,9397000.0
1579,5,5.0,3,0.0,45.0,Mumbai,25491000.0
1299,3,2.0,2,1.0,1.0,Delhi,12736000.0
1206,6,5.0,1,4.0,12.0,Pune,9667000.0
834,6,5.0,3,2.0,3.0,Pune,7114000.0
1467,3,3.0,2,1.0,0.0,Bangalore,11049000.0
1200,3,3.0,3,1.0,5.0,Pune,10586000.0
852,5,,2,1.0,14.0,Bangalore,6636000.0
812,2,1.0,2,0.0,3.0,Pune,6565000.0
792,2,2.0,3,3.0,6.0,Chennai,5472000.0
1378,5,4.0,1,0.0,1.0,Pune,10310000.0
962,3,2.0,3,1.0,4.0,Mumbai,15945000.0
865,4,4.0,1,0.0,0.0,Hyderabad,5861000.0
1373,3,3.0,2,3.0,4.0,Delhi,15445000.0
1700,1,1.0,2,,0.0,Pune,12153000.0
1882,4,3.0,3,0.0,3.0,Pune,13612000.0
1745,4,3.0,3,1.0,3.0,Delhi,18045000.0
970,4,4.0,1,1.0,17.0,Chennai,6923000.0
1931,2,1.0,3,0.0,1.0,Mumbai,31370000.0
1690,5,5.0,3,1.0,2.0,Pune,12043000.0
789,2,2.0,2,0.0,3.0,Bangalore,5695000.0
1650,5,4.0,2,1.0,24.0,Pune,12947000.0
757,5,4.0,1,0.0,4.0,Mumbai,14885000.0
2713,4,3.0,3,3.0,1.0,Chennai,17328000.0
1614,2,1.0,3,0.0,1.0,Hyderabad,9180000.0
2034,4,4.0,2,2.0,0.0,Delhi,23009000.0
1410,1,1.0,3,0.0,16.0,Hyderabad,6991000.0
990,3,2.0,2,3.0,16.0,Chennai,6530000.0
719,3,2.0,2,0.0,10.0,Delhi,8973000.0
1329,1,1.0,2,0.0,1.0,Hyderabad,7756000.0
1208,4,4.0,1,0.0,21.0,Pune,8695000.0
1038,1,1.0,3,1.0,2.0,Mumbai,15504000.0
1950,1,1.0,3,0.0,3.0,Hyderabad,10606000.0
1967,5,4.0,3,1.0,1.0,Delhi,22469000.0
1828,2,2.0,1,1.0,9.0,Delhi,18357000.0
1848,4,3.0,3,4.0,10.0,Chennai,11624000.0
1430,3,2.0,3,1.0,9.0,Mumbai,22841000.0
772,6,6.0,3,0.0,17.0,Pune,7240000.0
1374,2,1.0,2,0.0,11.0,Chennai,8028000.0
1804,0,2.0,1,0.0,15.0,Pune,13482000.0
1047,2,2.0,3,1.0,25.0,Pune,7925000.0
864,3,3.0,1,1.0,13.0,Delhi,9013000.0
807,3,2.0,1,2.0,6.0,Hyderabad,5120000.0
2403,2,2.0,1,3.0,16.0,Mumbai,41470000.0
1475,4,4.0,3,1.0,16.0,Mumbai,24002000.0
400,5,5.0,3,1.0,8.0,Chennai,4415000.0
1604,2,2.0,3,1.0,11.0,Chennai,9860000.0
1221,6,5.0,3,0.0,18.0,Mumbai,20935000.0
1308,4,,1,1.0,2.0,Hyderabad,6883000.0
1351,5,4.0,2,2.0,0.0,Delhi,13700000.0
2041,3,2.0,1,0.0,0.0,Bangalore,11860000.0
1642,6,6.0,3,1.0,14.0,Hyderabad,9833000.0
1163,5,5.0,1,1.0,2.0,Delhi,14016000.0
1006,2,1.0,3,0.0,1.0,Pune,8256000.0
2460,2,2.0,2,0.0,18.0,Bangalore,17776000.0
2161,3,2.0,3,0.0,2.0,Hyderabad,11986000.0
1253,3,2.0,1,1.0,7.0,Hyderabad,7155000.0
507,6,6.0,3,0.0,9.0,Bangalore,4747000.0
1135,4,4.0,2,2.0,11.0,Chennai,7480000.0
542,3,2.0,2,1.0,2.0,Chennai,3522000.0
2013,3,2.0,1,2.0,11.0,Delhi,21783000.0
448,6,6.0,3,1.0,1.0,Mumbai,9373000.0
2246,5,5.0,2,0.0,0.0,Mumbai,34330000.0
2690,3,3.0,2,2.0,0.0,Pune,17556000.0
1322,6,6.0,2,1.0,8.0,Chennai,9192000.0
1552,1,1.0,3,1.0,0.0,Chennai,8749000.0
2355,4,3.0,3,2.0,0.0,Pune,17131000.0
1499,4,4.0,1,1.0,2.0,Delhi,16425000.0
2611,5,5.0,2,0.0,6.0,Chennai,13946000.0
1796,6,6.0,1,0.0,1.0,Hyderabad,12256000.0
691,2,2.0,2,2.0,7.0,Mumbai,11958000.0
1056,3,3.0,1,2.0,1.0,Chennai,6730000.0
702,3,2.0,1,0.0,16.0,Delhi,7329000.0
1550,4,3.0,2,0.0,3.0,Mumbai,24382000.0
1078,4,3.0,2,1.0,2.0,Hyderabad,6588000.0
1839,4,4.0,2,2.0,2.0,Delhi,21042000.0
849,4,3.0,2,0.0,2.0,Delhi,9325000.0
700,6,6.0,1,0.0,1.0,Bangalore,6428000.0
1113,4,3.0,1,1.0,10.0,Hyderabad,6641000.0
1997,3,2.0,2,1.0,0.0,Mumbai,32440000.0
1185,4,3.0,2,1.0,0.0,Bangalore,8530000.0
2035,2,1.0,2,1.0,4.0,Delhi,21262000.0
2630,2,1.0,1,0.0,4.0,Chennai,15969000.0
1499,1,1.0,3,1.0,0.0,Bangalore,9428000.0
1916,4,3.0,2,3.0,0.0,Mumbai,29587000.0
1001,2,1.0,1,1.0,2.0,Delhi,10530000.0
1509,5,5.0,1,1.0,9.0,Hyderabad,10311000.0
1938,6,5.0,1,0.0,9.0,Hyderabad,10786000.0
1404,3,3.0,2,2.0,2.0,Chennai,9040000.0
1245,6,6.0,2,1.0,1.0,Hyderabad,9183000.0
894,3,3.0,3,1.0,6.0,Chennai,5367000.0
1687,3,2.0,1,1.0,2.0,Hyderabad,11414000.0
2011,1,1.0,2,1.0,6.0,Mumbai,31278000.0
1918,6,5.0,2,1.0,1.0,Bangalore,14985000.0
1155,3,2.0,1,1.0,4.0,Pune,8377000.0
633,4,3.0,2,1.0,21.0,Chennai,4000000.0
904,5,5.0,1,2.0,3.0,Bangalore,7354000.0
1752,4,4.0,3,0.0,1.0,Hyderabad,10550000.0
1158,2,1.0,2,1.0,2.0,Pune,8511000.0
1203,1,1.0,1,0.0,6.0,Pune,8569000.0
577,2,1.0,3,0.0,2.0,Bangalore,4591000.0
1354,2,,1,4.0,17.0,Hyderabad,7470000.0
2116,2,2.0,3,0.0,22.0,Bangalore,13896000.0
1864,1,1.0,2,1.0,1.0,Bangalore,11751000.0
1829,2,1.0,3,1.0,2.0,Delhi,16953000.0
2280,5,5.0,1,3.0,0.0,Chennai,12792000.0
1622,4,3.0,1,1.0,14.0,Chennai,8447000.0
1136,5,4.0,1,0.0,4.0,Bangalore,7529000.0
1410,6,6.0,3,1.0,45.0,Hyderabad,8996000.0
1152,5,4.0,3,1.0,1.0,Bangalore,8799000.0
1459,2,1.0,2,1.0,3.0,Hyderabad,7343000.0
2645,2,2.0,1,2.0,1.0,Chennai,15680000.0
1470,6,6.0,1,1.0,15.0,Mumbai,27424000.0
1384,5,5.0,1,1.0,4.0,Delhi,17910000.0
783,1,1.0,1,1.0,10.0,Chennai,4579000.0
1609,2,2.0,3,2.0,9.0,Hyderabad,10013000.0
1041,3,2.0,2,3.0,7.0,Hyderabad,6476000.0
1283,2,2.0,1,0.0,7.0,Mumbai,18316000.0
1802,5,5.0,3,,5.0,Chennai,10954000.0
1858,3,3.0,3,2.0,1.0,Hyderabad,8979000.0
467,3,3.0,3,1.0,6.0,Delhi,6890000.0
400,5,4.0,1,2.0,6.0,Chennai,4074000.0
400,6,5.0,3,1.0,32.0,Chennai,4026000.0
717,2,1.0,2,1.0,4.0,Bangalore,4418000.0
1762,4,3.0,1,0.0,0.0,Pune,11478000.0
1520,5,4.0,1,3.0,12.0,Bangalore,11638000.0
1178,3,2.0,1,0.0,8.0,Chennai,6820000.0
1574,4,3.0,1,1.0,9.0,Chennai,8888000.0
2346,3,2.0,3,1.0,2.0,Pune,17036000.0
1978,3,3.0,2,1.0,15.0,Bangalore,12293000.0
1356,6,6.0,2,1.0,8.0,Pune,12101000.0
911,3,2.0,1,2.0,0.0,Mumbai,14996000.0
1205,5,4.0,1,0.0,9.0,Delhi,12182000.0
1432,3,3.0,3,3.0,1.0,Pune,9902000.0
1660,3,3.0,3,1.0,2.0,Pune,10788000.0
2155,4,3.0,3,0.0,44.0,Pune,14989000.0
1580,3,3.0,2,1.0,2.0,Mumbai,26604000.0
1827,6,5.0,3,0.0,1.0,Bangalore,11893000.0
1643,6,6.0,3,0.0,2.0,Mumbai,26903000.0
2131,4,3.0,3,0.0,14.0,Mumbai,35611000.0
1036,6,6.0,1,0.0,0.0,Hyderabad,7293000.0
2061,2,,3,0.0,2.0,Bangalore,11527000.0
1337,4,3.0,3,1.0,12.0,Bangalore,6825000.0
767,1,1.0,2,0.0,11.0,Mumbai,11123000.0
735,2,2.0,3,0.0,21.0,Pune,5642000.0
1446,3,3.0,1,,6.0,Chennai,8473000.0
1911,3,2.0,1,1.0,1.0,Pune,12414000.0
1660,5,4.0,1,1.0,2.0,Delhi,18629000.0
918,1,1.0,3,1.0,9.0,Hyderabad,4926000.0
1460,4,4.0,1,0.0,0.0,Hyderabad,9873000.0
450,4,4.0,3,1.0,0.0,Hyderabad,3970000.0
1308,1,1.0,3,1.0,11.0,Bangalore,8634000.0
1429,2,1.0,1,2.0,1.0,Delhi,16100000.0
2019,6,5.0,1,3.0,1.0,Bangalore,14808000.0
920,4,4.0,3,0.0,11.0,Mumbai,12200000.0
2182,3,3.0,3,1.0,4.0,Bangalore,13660000.0
1543,5,4.0,3,0.0,3.0,Delhi,17510000.0
2495,1,1.0,1,2.0,4.0,Chennai,12309000.0
2390,3,3.0,1,1.0,6.0,Chennai,14855000.0
1184,4,3.0,3,1.0,,Bangalore,8599000.0
937,5,5.0,1,0.0,0.0,Delhi,11564000.0
781,6,5.0,2,2.0,14.0,Hyderabad,5981000.0
905,6,5.0,2,1.0,2.0,Chennai,6403000.0
690,3,3.0,3,2.0,5.0,Hyderabad,4007000.0
1933,4,3.0,1,1.0,6.0,Chennai,11008000.0
1652,3,2.0,3,0.0,9.0,Mumbai,25474000.0
1839,2,2.0,3,0.0,18.0,Delhi,20000000.0
1311,1,1.0,1,0.0,2.0,Pune,9148000.0
1356,4,4.0,1,1.0,11.0,Pune,9182000.0
1742,1,1.0,2,1.0,23.0,Delhi,17450000.0
768,2,1.0,1,1.0,1.0,Pune,6103000.0
879,6,6.0,2,0.0,5.0,Hyderabad,5896000.0
937,2,1.0,1,0.0,2.0,Bangalore,7017000.0
2003,6,5.0,3,1.0,3.0,Chennai,14797000.0
1778,4,3.0,3,0.0,1.0,Mumbai,26926000.0
2035,3,2.0,3,0.0,2.0,Mumbai,33488000.0
2120,3,2.0,1,1.0,3.0,Pune,14632000.0
1382,6,6.0,1,1.0,5.0,Chennai,9506000.0
2382,6,6.0,3,2.0,6.0,Delhi,25945000.0
1396,6,6.0,1,1.0,10.0,Pune,10910000.0
1044,2,,3,0.0,1.0,Chennai,6682000.0
1491,4,3.0,1,0.0,3.0,Hyderabad,8369000.0
1126,5,5.0,2,1.0,2.0,Delhi,12707000.0
1527,3,2.0,3,0.0,1.0,Chennai,9007000.0
1498,4,3.0,2,0.0,16.0,Hyderabad,8166000.0
1545,3,2.0,3,0.0,3.0,Pune,11401000.0
1816,3,2.0,2,0.0,2.0,Delhi,20225000.0
910,5,4.0,1,1.0,4.0,Hyderabad,6380000.0
2000,1,1.0,3,0.0,14.0,Chennai,12616000.0
652,2,,1,2.0,3.0,Chennai,4497000.0
1466,2,2.0,2,1.0,9.0,Mumbai,27533000.0
576,5,5.0,2,0.0,4.0,Delhi,7650000.0
2274,3,2.0,2,1.0,1.0,Pune,16810000.0
1245,5,5.0,2,2.0,0.0,Pune,9947000.0
1759,3,2.0,2,0.0,0.0,Mumbai,29013000.0
1640,3,2.0,3,3.0,2.0,Bangalore,13162000.0
1742,2,2.0,3,2.0,1.0,Hyderabad,10715000.0
1937,2,2.0,3,1.0,4.0,Mumbai,25790000.0
2537,4,4.0,1,0.0,9.0,Mumbai,41600000.0
1092,2,1.0,3,1.0,9.0,Chennai,6852000.0
1237,3,2.0,1,0.0,25.0,Mumbai,18429000.0
2073,4,4.0,1,1.0,7.0,Chennai,12870000.0
657,1,1.0,1,3.0,15.0,Chennai,3976000.0
950,3,2.0,2,0.0,6.0,Chennai,5513000.0
1230,2,1.0,2,2.0,29.0,Pune,8546000.0
1679,3,2.0,1,1.0,4.0,Bangalore,10910000.0
1080,3,2.0,3,0.0,10.0,Delhi,11935000.0
1541,6,5.0,2,1.0,2.0,Mumbai,26540000.0
1072,3,3.0,2,1.0,13.0,Delhi,12381000.0
2510,2,2.0,2,0.0,3.0,Chennai,13284000.0
1487,6,6.0,2,2.0,19.0,Mumbai,23606000.0
1159,2,1.0,3,2.0,9.0,Delhi,11648000.0
2480,3,2.0,3,3.0,,Mumbai,40028000.0
1370,2,1.0,2,1.0,2.0,Mumbai,22221000.0
589,4,3.0,3,0.0,7.0,Chennai,3962000.0
1821,3,2.0,2,0.0,2.0,Bangalore,13338000.0
1849,1,1.0,2,1.0,5.0,Pune,13792000.0
1731,6,6.0,3,0.0,0.0,Chennai,9698000.0
1490,4,4.0,3,0.0,15.0,Mumbai,23775000.0
767,3,2.0,1,1.0,4.0,Bangalore,4897000.0
1446,4,3.0,3,1.0,2.0,Hyderabad,7137000.0
681,2,2.0,1,0.0,17.0,Chennai,4893000.0
2258,2,2.0,1,2.0,19.0,Chennai,12096000.0
1392,3,3.0,1,,13.0,Hyderabad,8172000.0
1276,3,2.0,1,0.0,2.0,Bangalore,8082000.0
2015,3,3.0,1,0.0,7.0,Pune,13705000.0
1282,5,,3,3.0,3.0,Bangalore,9432000.0
1504,4,4.0,2,1.0,4.0,Chennai,8860000.0
700,1,1.0,2,0.0,24.0,Pune,4658000.0
1659,6,6.0,1,1.0,12.0,Mumbai,26635000.0
1024,6,,3,1.0,11.0,Hyderabad,7843000.0
1385,4,3.0,1,1.0,7.0,Delhi,12365000.0
1701,3,2.0,2,1.0,8.0,Bangalore,11345000.0
1900,4,3.0,3,1.0,5.0,Delhi,18936000.0
1274,4,3.0,1,0.0,33.0,Chennai,7657000.0
909,4,4.0,1,1.0,4.0,Pune,7463000.0
698,6,5.0,1,0.0,18.0,Pune,7139000.0
1019,3,3.0,1,1.0,2.0,Bangalore,7384000.0
1186,4,4.0,2,3.0,7.0,Chennai,8241000.0
500,2,1.0,2,,5.0,Bangalore,3515000.0
1656,5,4.0,1,3.0,2.0,Bangalore,10729000.0
2256,5,5.0,3,4.0,2.0,Pune,14770000.0
1521,6,5.0,2,2.0,8.0,Pune,13226000.0
1303,6,6.0,3,2.0,1.0,Chennai,8276000.0
1657,1,1.0,1,1.0,21.0,Delhi,17013000.0
1872,5,5.0,1,1.0,3.0,Mumbai,30582000.0
1574,6,5.0,3,0.0,6.0,Hyderabad,9546000.0
1636,5,4.0,1,1.0,0.0,Chennai,9905000.0
1716,2,,3,0.0,1.0,Delhi,19947000.0
1740,3,2.0,2,0.0,0.0,Mumbai,26557000.0
1116,5,5.0,2,1.0,8.0,Bangalore,10219000.0
1445,4,4.0,1,1.0,3.0,Pune,10852000.0
2204,5,5.0,1,,2.0,Delhi,23299000.0
1621,5,4.0,2,1.0,10.0,Mumbai,29314000.0
1260,6,5.0,3,0.0,1.0,Bangalore,9495000.0
2094,5,4.0,3,0.0,1.0,Bangalore,13116000.0
2099,2,1.0,1,2.0,7.0,Chennai,10697000.0
657,2,1.0,3,0.0,1.0,Chennai,4546000.0
1765,5,5.0,3,0.0,1.0,Chennai,13318000.0
2716,3,2.0,1,2.0,8.0,Pune,17417000.0
2481,5,4.0,2,2.0,1.0,Hyderabad,12220000.0
2130,3,3.0,2,1.0,4.0,Hyderabad,11280000.0
1104,6,,2,1.0,0.0,Hyderabad,7697000.0
2566,3,2.0,2,0.0,1.0,Bangalore,15482000.0
1467,3,2.0,1,1.0,7.0,Bangalore,10072000.0
1153,4,3.0,1,1.0,1.0,Bangalore,8423000.0
1655,2,1.0,3,1.0,17.0,Bangalore,9672000.0
1162,1,1.0,3,1.0,2.0,Bangalore,7571000.0
2666,4,3.0,2,0.0,8.0,Chennai,16091000.0
1266,4,4.0,1,2.0,8.0,Bangalore,8152000.0
1468,6,6.0,2,3.0,20.0,Pune,11994000.0
2415,6,6.0,3,0.0,2.0,Chennai,15337000.0
1482,3,3.0,3,0.0,6.0,Pune,10494000.0
1135,5,5.0,1,1.0,5.0,Chennai,8831000.0
2065,2,1.0,3,2.0,3.0,Delhi,21636000.0
1708,5,4.0,1,,8.0,Pune,12932000.0
738,4,4.0,2,1.0,4.0,Chennai,5460000.0
1207,2,1.0,3,1.0,2.0,Delhi,12985000.0
700,3,2.0,2,0.0,6.0,Mumbai,11992000.0
1281,4,3.0,3,1.0,16.0,Chennai,8614000.0
1721,2,1.0,3,2.0,7.0,Pune,12347000.0
1506,3,2.0,2,1.0,0.0,Bangalore,11664000.0
1627,1,1.0,2,1.0,6.0,Bangalore,10488000.0
2265,3,2.0,2,0.0,13.0,Hyderabad,11765000.0
1257,3,2.0,1,1.0,7.0,Hyderabad,6686000.0
1585,3,3.0,3,2.0,8.0,Delhi,18009000.0
945,5,4.0,3,2.0,15.0,Mumbai,14440000.0
1360,2,2.0,2,1.0,6.0,Chennai,8135000.0
1988,3,3.0,1,0.0,11.0,Pune,12847000.0
1562,4,3.0,3,1.0,10.0,Mumbai,26102000.0
2054,3,3.0,1,2.0,11.0,Chennai,12654000.0
876,1,1.0,1,0.0,6.0,Delhi,8809000.0
1382,2,2.0,2,1.0,2.0,Pune,11032000.0
1817,2,1.0,3,1.0,6.0,Hyderabad,10805000.0
1516,4,4.0,3,2.0,0.0,Pune,12102000.0
1247,3,3.0,2,2.0,0.0,Delhi,14305000.0
727,3,2.0,2,0.0,12.0,Bangalore,5235000.0
1560,2,2.0,3,0.0,4.0,Mumbai,23658000.0
1780,2,2.0,3,3.0,7.0,Hyderabad,9900000.0
2102,1,1.0,3,2.0,7.0,Hyderabad,11789000.0
707,5,5.0,3,2.0,0.0,Mumbai,12668000.0
3046,5,4.0,2,0.0,8.0,Pune,21864000.0
1390,3,2.0,3,1.0,6.0,Chennai,8593000.0
1476,5,4.0,1,0.0,0.0,Mumbai,24207000.0
2961,5,4.0,3,2.0,2.0,Hyderabad,18365000.0
2097,2,2.0,1,2.0,0.0,Pune,13954000.0
928,4,3.0,2,2.0,4.0,Pune,7436000.0
1988,4,4.0,3,1.0,3.0,Bangalore,13139000.0
1692,2,2.0,3,2.0,6.0,Delhi,17920000.0
1787,4,4.0,2,2.0,8.0,Hyderabad,11142000.0
1858,6,5.0,3,0.0,15.0,Delhi,22870000.0
1488,2,2.0,1,2.0,10.0,Delhi,15322000.0
1438,3,3.0,2,0.0,9.0,Hyderabad,8988000.0
1977,5,4.0,2,1.0,1.0,Mumbai,37204000.0
1403,2,2.0,3,0.0,6.0,Hyderabad,7232000.0
1446,3,3.0,1,1.0,1.0,Delhi,14887000.0
1749,6,6.0,2,2.0,1.0,Bangalore,11676000.0
1612,4,4.0,1,0.0,21.0,Bangalore,11510000.0
1494,3,3.0,1,1.0,3.0,Hyderabad,8574000.0
1919,1,1.0,1,0.0,0.0,Mumbai,30669000.0
1739,2,2.0,1,1.0,21.0,Mumbai,30392000.0
2406,3,3.0,1,0.0,2.0,Bangalore,16016000.0
2321,2,2.0,3,0.0,0.0,Mumbai,35231000.0
1440,4,4.0,3,1.0,24.0,Chennai,8501000.0
1151,6,5.0,1,0.0,1.0,Delhi,13438000.0
2307,4,3.0,1,0.0,9.0,Delhi,24554000.0
1400,5,5.0,2,2.0,9.0,Pune,11607000.0
2347,3,3.0,2,0.0,9.0,Pune,18139000.0
2615,6,5.0,3,1.0,23.0,Hyderabad,15091000.0
1855,5,5.0,3,1.0,0.0,Delhi,20992000.0
1351,3,3.0,1,3.0,12.0,Bangalore,10257000.0
400,1,1.0,3,4.0,6.0,Pune,3623000.0
1436,5,4.0,3,2.0,,Hyderabad,8471000.0
1481,3,3.0,1,0.0,3.0,Mumbai,24117000.0
1867,5,4.0,3,0.0,4.0,Hyderabad,10575000.0
1015,2,2.0,3,0.0,8.0,Pune,7431000.0
1266,3,2.0,3,0.0,0.0,Delhi,11118000.0
1092,6,6.0,3,0.0,2.0,Pune,8777000.0
1128,5,4.0,1,0.0,4.0,Bangalore,7348000.0
1586,4,3.0,1,2.0,11.0,Delhi,14600000.0
996,3,3.0,1,0.0,26.0,Delhi,11211000.0
1182,3,2.0,2,0.0,11.0,Bangalore,6882000.0
2019,3,2.0,3,0.0,1.0,Pune,12545000.0
1061,2,1.0,1,2.0,7.0,Pune,8253000.0
1427,4,3.0,1,1.0,1.0,Hyderabad,8643000.0
1886,3,2.0,2,1.0,0.0,Delhi,20582000.0
1420,5,4.0,2,1.0,4.0,Hyderabad,8846000.0
983,2,1.0,3,0.0,0.0,Bangalore,6662000.0
1782,4,4.0,1,1.0,6.0,Bangalore,11314000.0
1755,3,2.0,1,1.0,0.0,Chennai,9811000.0
1204,2,2.0,2,1.0,11.0,Chennai,7719000.0
1805,4,3.0,1,0.0,6.0,Delhi,22157000.0
1095,6,6.0,2,0.0,12.0,Pune,8026000.0
1171,4,4.0,2,0.0,33.0,Hyderabad,6916000.0
1832,2,1.0,1,0.0,5.0,Delhi,19040000.0
1766,5,4.0,1,1.0,,Mumbai,27938000.0
1705,1,1.0,2,4.0,1.0,Chennai,11156000.0
1094,4,3.0,2,1.0,8.0,Chennai,7053000.0
459,6,6.0,2,3.0,5.0,Pune,4427000.0
549,2,2.0,1,1.0,4.0,Pune,4431000.0
1766,6,5.0,3,1.0,10.0,Delhi,18152000.0
1746,3,3.0,3,2.0,7.0,Pune,10496000.0
2153,3,3.0,1,1.0,32.0,Delhi,20809000.0
970,6,6.0,1,1.0,45.0,Chennai,7084000.0
2322,4,3.0,3,1.0,4.0,Mumbai,37238000.0
2276,4,4.0,3,1.0,31.0,Delhi,20872000.0
1529,5,5.0,1,4.0,5.0,Hyderabad,9080000.0
2583,2,1.0,1,1.0,2.0,Hyderabad,13849000.0
2040,3,2.0,1,1.0,8.0,Bangalore,14043000.0
2069,1,1.0,3,2.0,0.0,Bangalore,12670000.0
489,2,2.0,1,1.0,6.0,Bangalore,3943000.0
622,3,3.0,3,0.0,19.0,Pune,4424000.0
656,6,5.0,3,1.0,10.0,Bangalore,5828000.0
1352,5,5.0,3,2.0,8.0,Chennai,8830000.0
1666,3,3.0,3,1.0,3.0,Pune,12290000.0
1340,4,4.0,1,0.0,3.0,Mumbai,22008000.0
2563,4,3.0,1,0.0,7.0,Pune,18834000.0
2158,6,6.0,2,3.0,5.0,Pune,16331000.0
834,4,3.0,2,3.0,4.0,Mumbai,16165000.0
1875,1,1.0,2,1.0,4.0,Pune,13560000.0
861,4,3.0,2,2.0,6.0,Delhi,9442000.0
2099,2,1.0,1,2.0,7.0,Chennai,10697000.0
1108,6,6.0,1,1.0,0.0,Hyderabad,6617000.0
2044,4,3.0,2,0.0,19.0,Chennai,12872000.0
1498,3,2.0,3,1.0,3.0,Mumbai,26066000.0
1346,3,2.0,3,0.0,14.0,Bangalore,7812000.0
2025,4,3.0,2,1.0,0.0,Chennai,12361000.0
1051,3,2.0,3,0.0,2.0,Chennai,6707000.0
1128,2,2.0,1,0.0,0.0,Hyderabad,6821000.0
1698,4,4.0,2,1.0,13.0,Delhi,17596000.0
928,3,2.0,2,2.0,8.0,Bangalore,7066000.0
1990,4,3.0,1,1.0,12.0,Hyderabad,10067000.0
1102,2,1.0,3,0.0,0.0,Chennai,6237000.0
1737,2,1.0,2,0.0,3.0,Delhi,17444000.0
1127,3,2.0,2,3.0,44.0,Bangalore,6795000.0
1517,6,5.0,3,2.0,5.0,Chennai,11566000.0
1913,2,1.0,3,2.0,0.0,Delhi,19278000.0
1102,3,3.0,3,1.0,0.0,Hyderabad,6413000.0
1973,3,3.0,2,0.0,20.0,Delhi,23119000.0
1947,4,4.0,3,0.0,1.0,Chennai,11231000.0
856,2,2.0,1,1.0,4.0,Bangalore,6058000.0
2560,6,6.0,3,1.0,2.0,Bangalore,17101000.0
2122,4,3.0,3,0.0,7.0,Pune,15604000.0
1530,6,5.0,2,0.0,9.0,Mumbai,24194000.0
2003,5,4.0,3,2.0,5.0,Bangalore,13509000.0
2278,6,5.0,2,3.0,4.0,Delhi,21401000.0
2362,2,1.0,2,1.0,14.0,Bangalore,15049000.0
1528,1,1.0,2,1.0,9.0,Pune,9389000.0
1047,3,3.0,1,1.0,0.0,Delhi,11052000.0
2299,4,4.0,1,2.0,8.0,Delhi,22255000.0
603,5,5.0,1,0.0,0.0,Delhi,8119000.0
1118,3,2.0,1,2.0,9.0,Mumbai,17654000.0
2730,3,3.0,1,0.0,2.0,Chennai,17783000.0
1206,5,5.0,3,0.0,7.0,Chennai,7852000.0
1512,4,4.0,1,4.0,3.0,Pune,11048000.0
574,6,5.0,1,1.0,11.0,Mumbai,9621000.0
484,2,1.0,1,1.0,6.0,Delhi,4072000.0
1560,5,4.0,1,1.0,2.0,Hyderabad,9717000.0
1790,3,3.0,3,2.0,0.0,Hyderabad,10450000.0
1917,3,3.0,2,0.0,18.0,Pune,14645000.0
1583,5,4.0,2,0.0,4.0,Mumbai,23053000.0
1494,4,3.0,2,1.0,5.0,Delhi,16346000.0
910,3,2.0,1,1.0,0.0,Mumbai,14948000.0
2094,4,4.0,2,1.0,13.0,Pune,17609000.0
1248,5,4.0,2,0.0,6.0,Mumbai,25201000.0
1551,3,2.0,3,0.0,11.0,Chennai,10623000.0
1241,3,3.0,2,1.0,4.0,Bangalore,7446000.0
2071,3,2.0,1,1.0,2.0,Chennai,13966000.0
1284,2,2.0,3,0.0,3.0,Pune,9135000.0
1686,6,6.0,3,2.0,8.0,Hyderabad,11512000.0
469,6,5.0,2,0.0,7.0,Hyderabad,3616000.0
400,2,2.0,2,0.0,2.0,Pune,3380000.0
1299,4,3.0,3,3.0,3.0,Delhi,15419000.0
1414,1,1.0,2,2.0,1.0,Chennai,7999000.0
711,6,5.0,3,2.0,2.0,Hyderabad,5604000.0
1175,3,2.0,1,0.0,1.0,Pune,8701000.0
2511,3,3.0,1,1.0,10.0,Chennai,13605000.0
1721,3,3.0,1,1.0,3.0,Hyderabad,8090000.0
1735,2,2.0,3,0.0,33.0,Mumbai,30224000.0
2304,3,2.0,2,0.0,9.0,Hyderabad,11255000.0
1677,3,2.0,2,1.0,2.0,Delhi,16975000.0
1075,4,3.0,2,1.0,6.0,Bangalore,8301000.0
1914,3,2.0,1,1.0,5.0,Delhi,19461000.0
681,6,5.0,1,0.0,3.0,Hyderabad,4558000.0
1525,2,1.0,1,0.0,0.0,Delhi,16091000.0
1841,4,4.0,1,2.0,11.0,Bangalore,13230000.0
2009,5,4.0,1,1.0,3.0,Bangalore,13745000.0
2204,6,5.0,1,2.0,19.0,Delhi,24833000.0
699,3,3.0,1,1.0,,Hyderabad,4068000.0
892,3,2.0,2,1.0,2.0,Mumbai,14298000.0
1316,5,4.0,1,0.0,4.0,Delhi,13769000.0
1510,3,3.0,1,3.0,0.0,Delhi,16587000.0
2066,4,4.0,2,0.0,5.0,Mumbai,28629000.0
1152,5,5.0,1,2.0,4.0,Pune,8901000.0
902,2,2.0,2,2.0,3.0,Pune,7662000.0
835,3,2.0,2,3.0,36.0,Bangalore,5260000.0
1611,5,5.0,1,0.0,7.0,Bangalore,10928000.0
1380,3,2.0,1,2.0,1.0,Delhi,14066000.0
1841,4,3.0,2,0.0,2.0,Mumbai,31521000.0
820,2,1.0,1,1.0,18.0,Chennai,5131000.0
1489,4,,3,0.0,4.0,Mumbai,26293000.0
1992,1,1.0,1,2.0,6.0,Hyderabad,10739000.0
1605,4,3.0,1,1.0,7.0,Chennai,10121000.0
2339,5,5.0,3,2.0,24.0,Mumbai,35383000.0
2352,4,3.0,1,0.0,1.0,Bangalore,14724000.0
1416,2,2.0,2,1.0,2.0,Hyderabad,8211000.0
2049,4,3.0,1,2.0,5.0,Delhi,22561000.0
1319,3,2.0,3,0.0,0.0,Chennai,7932000.0
1314,5,4.0,1,0.0,2.0,Chennai,8461000.0
2010,5,5.0,2,1.0,21.0,Bangalore,14208000.0
1801,4,3.0,3,0.0,6.0,Chennai,9758000.0
876,3,3.0,2,2.0,4.0,Hyderabad,5446000.0
2242,3,3.0,3,2.0,5.0,Hyderabad,12186000.0
1432,4,3.0,2,1.0,9.0,Bangalore,10950000.0
2238,3,2.0,1,0.0,10.0,Delhi,24203000.0
2197,4,3.0,1,2.0,0.0,Hyderabad,12993000.0
1281,2,1.0,1,0.0,1.0,Delhi,12760000.0
1827,6,6.0,3,2.0,5.0,Chennai,11590000.0
1581,4,3.0,1,0.0,4.0,Pune,11953000.0
1412,5,5.0,1,3.0,11.0,Pune,10755000.0
1439,1,1.0,3,1.0,0.0,Chennai,9661000.0
1707,1,1.0,3,2.0,7.0,Delhi,19578000.0
1283,3,3.0,3,0.0,8.0,Bangalore,9734000.0
890,1,1.0,2,0.0,17.0,Delhi,9896000.0
2111,4,4.0,3,1.0,10.0,Bangalore,14268000.0
1229,2,1.0,3,0.0,1.0,Mumbai,21784000.0
1696,4,3.0,1,3.0,18.0,Hyderabad,10111000.0
1613,5,4.0,3,1.0,17.0,Chennai,11302000.0
1369,3,2.0,2,1.0,10.0,Pune,10848000.0
1272,2,2.0,1,0.0,2.0,Hyderabad,6514000.0
1725,4,3.0,1,1.0,6.0,Mumbai,25646000.0
709,3,2.0,3,1.0,19.0,Delhi,7966000.0
400,3,3.0,2,1.0,10.0,Delhi,4706000.0
1020,3,3.0,1,2.0,0.0,Delhi,11958000.0
643,3,3.0,3,0.0,2.0,Pune,5548000.0
778,2,2.0,2,1.0,2.0,Bangalore,6169000.0
1636,3,2.0,2,4.0,14.0,Delhi,20101000.0
1163,2,2.0,3,3.0,14.0,Delhi,10676000.0
855,3,3.0,2,0.0,4.0,Bangalore,6674000.0
1138,4,3.0,2,1.0,4.0,Chennai,6906000.0
1468,4,4.0,1,2.0,8.0,Mumbai,25226000.0
1804,3,2.0,2,1.0,4.0,Pune,11306000.0
1744,3,3.0,1,1.0,18.0,Bangalore,11750000.0
1157,6,6.0,1,0.0,11.0,Bangalore,8818000.0
1935,3,3.0,2,0.0,22.0,Delhi,21592000.0
1193,4,4.0,2,0.0,29.0,Pune,8124000.0
863,1,1.0,1,2.0,1.0,Bangalore,5293000.0
441,5,5.0,1,4.0,7.0,Hyderabad,3319000.0
1945,2,1.0,1,2.0,8.0,Chennai,11945000.0
2110,4,3.0,1,0.0,9.0,Pune,15312000.0
2635,2,2.0,2,0.0,1.0,Pune,17897000.0
1858,2,1.0,3,2.0,3.0,Delhi,19220000.0
1382,6,5.0,2,2.0,1.0,Pune,11495000.0
845,4,4.0,3,3.0,18.0,Bangalore,5483000.0
647,4,3.0,2,1.0,7.0,Bangalore,4973000.0
1668,3,3.0,1,1.0,10.0,Mumbai,25814000.0
1103,1,1.0,2,0.0,1.0,Hyderabad,6782000.0
1028,2,2.0,1,1.0,3.0,Delhi,12197000.0
400,4,3.0,1,2.0,0.0,Mumbai,7208000.0
400,4,4.0,3,0.0,,Hyderabad,3287000.0
400,3,2.0,2,0.0,29.0,Hyderabad,2165000.0
1135,2,2.0,1,3.0,5.0,Mumbai,18291000.0
1267,4,4.0,1,3.0,5.0,Mumbai,20632000.0
2752,6,6.0,3,0.0,6.0,Pune,19836000.0
1987,5,5.0,3,0.0,0.0,Chennai,10739000.0
2796,4,4.0,2,1.0,6.0,Pune,19244000.0
993,6,5.0,1,1.0,7.0,Mumbai,17621000.0
1132,3,2.0,1,0.0,9.0,Delhi,11878000.0
1498,1,1.0,3,0.0,1.0,Chennai,8643000.0
2171,1,1.0,2,0.0,4.0,Mumbai,29736000.0
400,3,2.0,1,0.0,3.0,Mumbai,6377000.0
1894,3,3.0,1,0.0,0.0,Bangalore,12909000.0
1914,6,6.0,2,1.0,11.0,Hyderabad,10178000.0
1520,3,3.0,2,2.0,3.0,Mumbai,22599000.0
1436,3,3.0,1,2.0,23.0,Bangalore,10277000.0
1276,1,1.0,1,0.0,7.0,Pune,8526000.0
1163,5,5.0,1,1.0,2.0,Delhi,14016000.0
1580,3,3.0,3,1.0,14.0,Bangalore,11259000.0
1948,2,2.0,2,3.0,10.0,Chennai,10668000.0
1097,4,3.0,3,1.0,5.0,Chennai,7333000.0
1038,5,4.0,2,0.0,3.0,Hyderabad,6930000.0
2316,5,5.0,1,1.0,4.0,Mumbai,37401000.0
1632,6,5.0,2,2.0,4.0,Pune,13287000.0
798,3,2.0,3,2.0,2.0,Bangalore,5930000.0
1804,5,4.0,3,2.0,3.0,Chennai,12264000.0
1785,6,6.0,1,3.0,24.0,Mumbai,31997000.0
1123,2,2.0,1,1.0,4.0,Pune,8006000.0
2131,4,3.0,2,0.0,4.0,Pune,15936000.0
1425,2,2.0,3,2.0,13.0,Bangalore,9747000.0
1937,6,5.0,2,1.0,8.0,Chennai,11604000.0
1253,4,4.0,1,2.0,1.0,Mumbai,20851000.0
1870,1,1.0,2,2.0,9.0,Mumbai,31192000.0
2344,3,3.0,3,2.0,18.0,Chennai,15225000.0
1752,3,3.0,2,2.0,9.0,Bangalore,11736000.0
1334,2,2.0,2,3.0,2.0,Mumbai,22015000.0
1460,2,1.0,2,1.0,16.0,Pune,11168000.0
1988,3,3.0,3,0.0,23.0,Chennai,12939000.0
2267,6,5.0,1,1.0,0.0,Hyderabad,13593000.0
943,4,3.0,2,0.0,7.0,Mumbai,16021000.0
1461,1,1.0,2,4.0,2.0,Bangalore,9560000.0
1271,5,4.0,1,3.0,4.0,Bangalore,9188000.0
1745,5,5.0,1,2.0,3.0,Hyderabad,10073000.0
524,4,3.0,2,0.0,2.0,Bangalore,3696000.0
1506,6,6.0,1,2.0,4.0,Pune,12586000.0
1439,1,1.0,2,0.0,2.0,Bangalore,8252000.0
1050,3,3.0,3,0.0,9.0,Hyderabad,6388000.0
1909,2,1.0,2,2.0,7.0,Hyderabad,9485000.0
481,1,1.0,1,0.0,10.0,Delhi,4907000.0
1868,2,2.0,3,2.0,4.0,Mumbai,24690000.0
1888,3,3.0,2,0.0,1.0,Mumbai,28419000.0
2218,5,5.0,2,4.0,4.0,Hyderabad,12690000.0
1294,5,5.0,2,1.0,0.0,Delhi,16012000.0
2240,4,3.0,3,0.0,6.0,Bangalore,13237000.0
1195,2,2.0,1,0.0,0.0,Pune,9111000.0
716,5,4.0,1,2.0,8.0,Delhi,8168000.0
2758,2,2.0,3,1.0,0.0,Mumbai,42113000.0
1921,6,6.0,2,1.0,6.0,Chennai,14020000.0
1529,5,5.0,1,4.0,5.0,Hyderabad,9080000.0
767,2,1.0,1,2.0,21.0,Chennai,4727000.0
1205,2,2.0,1,1.0,0.0,Chennai,7673000.0
1965,6,5.0,3,0.0,1.0,Delhi,22187000.0
1240,1,1.0,1,0.0,5.0,Hyderabad,7199000.0
1510,3,3.0,1,3.0,0.0,Bangalore,11535000.0
1439,5,5.0,3,1.0,2.0,Delhi,15616000.0
1920,2,2.0,2,2.0,5.0,Chennai,12938000.0
2329,2,2.0,2,2.0,3.0,Pune,18273000.0
1684,4,4.0,1,2.0,0.0,Bangalore,11607000.0
1417,6,5.0,1,1.0,3.0,Hyderabad,9932000.0
1634,5,4.0,3,1.0,14.0,Hyderabad,9234000.0
883,4,3.0,3,1.0,4.0,Chennai,5968000.0
2350,2,2.0,1,1.0,4.0,Pune,15952000.0
2344,3,3.0,3,1.0,13.0,Pune,16153000.0
1197,2,2.0,1,0.0,6.0,Hyderabad,7176000.0
1390,4,3.0,1,0.0,2.0,Chennai,9591000.0
1261,1,1.0,1,0.0,3.0,Hyderabad,7279000.0
1870,1,1.0,3,2.0,7.0,Bangalore,13941000.0
1123,4,4.0,3,2.0,39.0,Mumbai,18071000.0
1626,3,3.0,3,2.0,0.0,Hyderabad,9869000.0
1421,6,6.0,1,0.0,24.0,Bangalore,9279000.0
2273,6,6.0,1,0.0,9.0,Chennai,14360000.0
1518,4,3.0,2,0.0,17.0,Bangalore,9129000.0
2851,2,1.0,2,1.0,1.0,Hyderabad,14050000.0
2117,5,4.0,3,0.0,9.0,Pune,17055000.0
1980,6,6.0,3,3.0,8.0,Hyderabad,11842000.0
1391,4,4.0,3,1.0,23.0,Mumbai,19987000.0
-1,4,3.0,1,2.0,5.0,Bangalore,9984000.0
1044,1,1.0,3,0.0,9.0,Delhi,9535000.0
1556,4,4.0,3,0.0,1.0,Bangalore,11182000.0
1613,2,2.0,1,1.0,1.0,Pune,12331000.0
1606,3,2.0,3,0.0,4.0,Bangalore,10781000.0
2076,3,2.0,3,0.0,24.0,Delhi,24689000.0
2114,4,4.0,3,0.0,10.0,Hyderabad,12115000.0
1929,4,4.0,2,0.0,2.0,Mumbai,29820000.0
1088,3,3.0,3,1.0,0.0,Delhi,10872000.0
1376,4,4.0,1,0.0,1.0,Chennai,7388000.0
549,3,3.0,3,2.0,1.0,Mumbai,10790000.0
2158,5,5.0,1,0.0,1.0,Delhi,22764000.0
1564,4,4.0,2,1.0,7.0,Pune,12752000.0
765,6,5.0,1,0.0,9.0,Pune,6465000.0
1700,5,4.0,1,2.0,16.0,Chennai,13047000.0
639,2,2.0,3,0.0,6.0,Bangalore,4375000.0
1563,6,6.0,2,0.0,13.0,Bangalore,11598000.0
957,6,5.0,2,1.0,2.0,Chennai,6761000.0
1162,3,2.0,1,0.0,0.0,Bangalore,7424000.0
1483,2,1.0,1,0.0,15.0,Delhi,13641000.0
956,6,6.0,2,1.0,12.0,Hyderabad,6503000.0
1792,4,4.0,1,2.0,6.0,Mumbai,32698000.0
1397,3,2.0,3,1.0,23.0,Hyderabad,8185000.0
1193,1,1.0,3,1.0,3.0,Mumbai,20284000.0
953,2,1.0,2,1.0,4.0,Pune,6751000.0
939,2,1.0,2,0.0,1.0,Hyderabad,5567000.0
2150,4,4.0,1,0.0,5.0,Delhi,21242000.0
1274,5,4.0,3,2.0,17.0,Hyderabad,8228000.0
2663,5,5.0,2,1.0,3.0,Delhi,28933000.0
1579,6,5.0,1,0.0,9.0,Delhi,16820000.0
2142,4,4.0,3,3.0,,Hyderabad,12747000.0
2328,2,1.0,3,0.0,5.0,Pune,15422000.0
2214,2,2.0,3,1.0,7.0,Chennai,11545000.0
1158,4,3.0,3,0.0,2.0,Chennai,7598000.0
1124,1,1.0,3,2.0,1.0,Chennai,6624000.0
1221,1,1.0,1,0.0,18.0,Chennai,6759000.0
1040,2,,1,2.0,8.0,Delhi,11159000.0
1796,2,2.0,3,1.0,19.0,Pune,15595000.0
1397,6,6.0,3,0.0,8.0,Chennai,9609000.0
1319,6,6.0,2,1.0,1.0,Bangalore,10110000.0
1806,3,2.0,2,1.0,5.0,Delhi,17528000.0
1769,4,4.0,2,3.0,6.0,Mumbai,29032000.0
1698,2,2.0,3,0.0,6.0,Mumbai,29832000.0
620,4,,3,2.0,7.0,Chennai,4404000.0
400,3,3.0,1,1.0,7.0,Pune,3578000.0
1515,3,2.0,2,1.0,0.0,Mumbai,22637000.0
2163,4,4.0,3,2.0,9.0,Hyderabad,13031000.0
1549,6,5.0,2,2.0,1.0,Chennai,9545000.0
1474,5,4.0,2,,3.0,Bangalore,10543000.0
1909,5,4.0,2,0.0,16.0,Mumbai,32927000.0
1677,3,3.0,1,0.0,23.0,Chennai,9788000.0
1058,5,5.0,2,2.0,2.0,Pune,8668000.0
1131,2,1.0,3,2.0,5.0,Delhi,13343000.0
1987,4,3.0,1,3.0,4.0,Mumbai,33245000.0
1386,3,3.0,1,0.0,5.0,Hyderabad,8157000.0
2081,2,1.0,1,3.0,10.0,Chennai,11227000.0
1930,6,6.0,2,4.0,5.0,Pune,15147000.0
1744,5,5.0,3,1.0,1.0,Pune,11835000.0
1569,4,3.0,1,1.0,4.0,Hyderabad,9925000.0
696,4,4.0,2,1.0,2.0,Delhi,8130000.0
1496,2,2.0,1,1.0,2.0,Chennai,8519000.0
813,1,1.0,2,1.0,3.0,Chennai,4003000.0
1062,4,3.0,2,1.0,5.0,Hyderabad,6427000.0
1298,4,4.0,3,0.0,5.0,Mumbai,21545000.0
1952,4,3.0,2,0.0,17.0,Hyderabad,10221000.0
1452,3,2.0,2,,14.0,Chennai,8591000.0
1282,5,,3,3.0,3.0,Bangalore,9432000.0
1829,2,1.0,2,2.0,1.0,Delhi,18545000.0
1346,5,5.0,3,0.0,2.0,Pune,11362000.0
400,2,2.0,2,2.0,17.0,Mumbai,7273000.0
916,1,1.0,3,0.0,3.0,Mumbai,14440000.0
1761,4,3.0,2,0.0,8.0,Mumbai,29625000.0
2070,5,4.0,3,2.0,0.0,Bangalore,15343000.0
871,4,4.0,1,0.0,9.0,Bangalore,6818000.0
1029,4,3.0,3,3.0,6.0,Chennai,7591000.0
400,4,3.0,3,2.0,,Mumbai,8105000.0
1211,2,2.0,2,0.0,22.0,Delhi,13101000.0
2545,5,5.0,1,1.0,10.0,Bangalore,18234000.0
1467,5,4.0,2,1.0,3.0,Delhi,17563000.0
1753,4,,1,0.0,10.0,Chennai,10785000.0
1695,2,2.0,3,0.0,5.0,Pune,14018000.0
2010,3,3.0,2,1.0,4.0,Mumbai,33167000.0
1560,5,5.0,2,0.0,8.0,Chennai,10519000.0
945,4,4.0,2,0.0,,Delhi,9635000.0
1336,4,4.0,1,0.0,41.0,Hyderabad,7883000.0
1423,6,6.0,3,1.0,1.0,Pune,10625000.0
1494,4,4.0,3,1.0,27.0,Pune,11739000.0
887,5,5.0,3,2.0,7.0,Pune,7302000.0
1177,3,3.0,1,1.0,1.0,Mumbai,20276000.0
1520,3,2.0,1,2.0,4.0,Bangalore,10002000.0
1515,3,2.0,1,1.0,4.0,Mumbai,24663000.0
1397,3,3.0,1,1.0,12.0,Delhi,14887000.0
1769,3,2.0,2,2.0,0.0,Delhi,17848000.0
2103,5,4.0,3,0.0,5.0,Delhi,27003000.0
1212,4,3.0,2,0.0,0.0,Mumbai,19170000.0
1744,3,2.0,3,2.0,9.0,Bangalore,11905000.0
2071,2,2.0,1,0.0,9.0,Chennai,11352000.0
816,4,4.0,1,0.0,1.0,Pune,5675000.0
1308,3,2.0,1,2.0,0.0,Bangalore,7978000.0
2361,4,3.0,2,0.0,10.0,Bangalore,15069000.0
1737,5,5.0,1,1.0,4.0,Delhi,16221000.0
2091,4,4.0,1,0.0,7.0,Pune,13781000.0
1201,6,6.0,2,1.0,0.0,Hyderabad,8205000.0
1741,5,5.0,2,0.0,6.0,Mumbai,29531000.0
633,3,2.0,2,0.0,23.0,Delhi,6543000.0
1941,5,4.0,2,3.0,3.0,Bangalore,11994000.0
1690,2,2.0,3,4.0,15.0,Hyderabad,9203000.0
1531,3,,2,1.0,4.0,Delhi,15461000.0
1219,3,3.0,2,2.0,16.0,Bangalore,8064000.0
1908,6,,3,1.0,2.0,Chennai,12271000.0
1454,2,2.0,3,2.0,11.0,Mumbai,23716000.0
884,5,5.0,2,1.0,0.0,Hyderabad,5705000.0
1489,3,2.0,1,1.0,13.0,Mumbai,26803000.0
1853,3,3.0,3,0.0,11.0,Chennai,12178000.0
1058,4,3.0,3,2.0,2.0,Delhi,10899000.0
1616,3,2.0,2,1.0,15.0,Hyderabad,8823000.0
1298,3,2.0,3,2.0,24.0,Bangalore,9164000.0
1290,2,2.0,1,1.0,0.0,Bangalore,8459000.0
1451,4,4.0,1,2.0,2.0,Mumbai,27567000.0
1016,3,3.0,3,1.0,17.0,Hyderabad,6451000.0
1739,2,2.0,1,3.0,7.0,Bangalore,11471000.0
2092,5,,3,3.0,1.0,Chennai,12513000.0
901,1,1.0,3,0.0,1.0,Bangalore,5527000.0
1072,2,2.0,1,0.0,4.0,Hyderabad,6332000.0
1801,3,2.0,3,2.0,10.0,Hyderabad,9119000.0
2070,3,3.0,3,0.0,21.0,Hyderabad,12296000.0
400,3,3.0,1,1.0,25.0,Mumbai,6383000.0
1346,4,,1,0.0,3.0,Chennai,7929000.0
2014,2,2.0,2,1.0,3.0,Delhi,19824000.0
1860,4,4.0,1,2.0,2.0,Delhi,17687000.0
501,4,4.0,3,0.0,11.0,Bangalore,289854000.0
1909,2,,1,2.0,3.0,Hyderabad,9656000.0
1348,4,4.0,3,1.0,8.0,Delhi,14699000.0
1681,1,1.0,3,0.0,28.0,Mumbai,28804000.0
1424,4,3.0,1,2.0,4.0,Delhi,16182000.0
1339,4,4.0,3,2.0,0.0,Delhi,14737000.0
1808,3,2.0,1,1.0,5.0,Delhi,17782000.0
1261,6,5.0,2,1.0,3.0,Chennai,9023000.0
1502,5,4.0,2,3.0,32.0,Hyderabad,9392000.0
2255,1,1.0,1,3.0,2.0,Chennai,12563000.0
2284,4,4.0,1,0.0,4.0,Mumbai,38343000.0
826,2,2.0,3,0.0,0.0,Delhi,10074000.0
2097,3,2.0,2,1.0,1.0,Bangalore,13313000.0
2135,6,6.0,2,1.0,4.0,Chennai,15080000.0
1762,2,2.0,2,2.0,7.0,Pune,11715000.0
1906,2,1.0,2,1.0,3.0,Hyderabad,10773000.0
2120,6,6.0,2,3.0,6.0,Mumbai,31216000.0
933,5,4.0,3,1.0,12.0,Bangalore,7946000.0
1926,2,2.0,3,1.0,0.0,Pune,12982000.0
1523,1,1.0,3,0.0,7.0,Pune,10643000.0
1044,4,4.0,3,1.0,20.0,Bangalore,7364000.0
1476,4,4.0,2,0.0,37.0,Pune,10054000.0
1469,2,2.0,1,0.0,6.0,Mumbai,24985000.0
2776,3,2.0,2,1.0,9.0,Delhi,28451000.0
1713,3,3.0,1,2.0,2.0,Hyderabad,9909000.0
1558,3,3.0,2,2.0,0.0,Pune,10798000.0
2250,4,3.0,2,1.0,7.0,Hyderabad,12096000.0
1157,3,3.0,2,2.0,4.0,Chennai,6795000.0
2621,1,1.0,1,0.0,6.0,Bangalore,15525000.0
936,3,2.0,1,2.0,5.0,Mumbai,14860000.0
2158,5,5.0,1,0.0,3.0,Bangalore,13192000.0
869,2,1.0,2,0.0,3.0,Mumbai,12217000.0
1380,1,1.0,3,0.0,23.0,Hyderabad,7561000.0
1224,5,4.0,3,3.0,8.0,Hyderabad,7107000.0
1356,4,4.0,3,1.0,9.0,Mumbai,20435000.0
1322,2,2.0,1,1.0,0.0,Mumbai,20821000.0
1500,3,2.0,2,1.0,0.0,Mumbai,23904000.0
1597,4,3.0,1,2.0,10.0,Hyderabad,9913000.0
1863,3,3.0,3,0.0,0.0,Chennai,11661000.0
2050,4,4.0,3,0.0,5.0,Hyderabad,11753000.0
2012,3,2.0,3,0.0,1.0,Chennai,10749000.0
770,4,3.0,1,2.0,13.0,Hyderabad,4370000.0
2214,4,3.0,2,1.0,2.0,Delhi,24136000.0
647,4,3.0,1,0.0,4.0,Mumbai,12710000.0
1832,5,4.0,1,4.0,0.0,Bangalore,13435000.0
1125,5,4.0,3,0.0,41.0,Hyderabad,6712000.0
1467,3,3.0,3,1.0,0.0,Pune,11242000.0
954,2,1.0,2,1.0,18.0,Chennai,5829000.0
824,3,3.0,3,1.0,4.0,Bangalore,6090000.0
1947,3,2.0,1,1.0,2.0,Delhi,20345000.0
1604,3,2.0,1,1.0,5.0,Bangalore,11791000.0
1872,5,4.0,2,0.0,13.0,Pune,15429000.0
1576,3,3.0,2,2.0,3.0,Mumbai,26205000.0
400,3,2.0,1,1.0,3.0,Delhi,4575000.0
1004,2,1.0,2,2.0,45.0,Hyderabad,4933000.0
1460,3,2.0,3,0.0,3.0,Pune,11055000.0
1227,4,3.0,1,3.0,4.0,Chennai,7368000.0
1838,3,3.0,3,0.0,8.0,Bangalore,11829000.0
1799,4,3.0,2,0.0,5.0,Hyderabad,10886000.0
400,2,1.0,3,0.0,1.0,Bangalore,2963000.0
871,3,3.0,1,2.0,7.0,Mumbai,13122000.0
855,1,1.0,1,0.0,6.0,Pune,5562000.0
1769,6,6.0,3,0.0,2.0,Bangalore,14490000.0
1083,4,3.0,3,0.0,9.0,Delhi,11112000.0
2127,6,6.0,3,0.0,2.0,Bangalore,14892000.0
1098,5,4.0,3,1.0,11.0,Mumbai,16296000.0
888,3,2.0,1,0.0,5.0,Mumbai,15032000.0
1534,3,3.0,1,1.0,7.0,Hyderabad,8711000.0
2040,3,2.0,1,1.0,2.0,Pune,13485000.0
1983,4,3.0,3,0.0,5.0,Hyderabad,11676000.0
1247,3,2.0,3,2.0,1.0,Hyderabad,8790000.0
1701,6,6.0,2,2.0,21.0,Hyderabad,10700000.0
1944,3,3.0,2,0.0,4.0,Pune,11315000.0
1321,5,4.0,3,0.0,1.0,Pune,10191000.0
1985,4,4.0,3,1.0,5.0,Delhi,20232000.0
2032,2,1.0,3,1.0,17.0,Chennai,12292000.0
2205,1,1.0,2,1.0,2.0,Delhi,24517000.0
2287,6,6.0,1,0.0,5.0,Mumbai,39747000.0
1699,5,5.0,3,1.0,4.0,Mumbai,28639000.0
1718,1,1.0,3,1.0,12.0,Chennai,10912000.0
1753,5,4.0,3,0.0,3.0,Chennai,289854000.0
1069,4,3.0,2,2.0,3.0,Bangalore,7122000.0
1427,3,2.0,3,2.0,1.0,Hyderabad,8545000.0
1391,6,5.0,3,0.0,2.0,Bangalore,11695000.0
1883,3,3.0,1,0.0,10.0,Hyderabad,10104000.0
1927,2,2.0,2,0.0,0.0,Pune,13303000.0
656,2,1.0,1,1.0,18.0,Chennai,4535000.0
1536,4,4.0,2,1.0,27.0,Delhi,18200000.0
1891,5,4.0,3,2.0,4.0,Pune,13888000.0
929,3,2.0,2,1.0,9.0,Mumbai,15686000.0
400,4,4.0,3,1.0,0.0,Chennai,3455000.0
2049,4,3.0,3,2.0,8.0,Delhi,23395000.0
733,4,4.0,2,0.0,6.0,Mumbai,12620000.0
1799,4,3.0,1,2.0,10.0,Pune,14234000.0
1669,2,2.0,3,1.0,3.0,Bangalore,11349000.0
1001,4,4.0,2,0.0,3.0,Hyderabad,6126000.0
1319,3,3.0,2,2.0,3.0,Chennai,8535000.0
1104,2,1.0,1,2.0,18.0,Mumbai,18387000.0
2246,6,5.0,3,1.0,1.0,Mumbai,38574000.0
1521,4,3.0,2,1.0,12.0,Hyderabad,10122000.0
740,6,6.0,2,2.0,9.0,Pune,5862000.0
799,3,3.0,3,2.0,4.0,Hyderabad,5338000.0
2200,2,1.0,1,2.0,7.0,Pune,15770000.0
2533,4,3.0,1,0.0,0.0,Pune,19050000.0
1749,2,1.0,2,3.0,19.0,Chennai,10362000.0
1563,3,3.0,1,2.0,9.0,Hyderabad,8948000.0
637,2,2.0,2,0.0,12.0,Pune,5309000.0
1874,6,5.0,2,0.0,0.0,Hyderabad,11521000.0
1367,2,1.0,2,0.0,3.0,Pune,9822000.0
1734,5,4.0,3,0.0,16.0,Delhi,17479000.0
1912,2,1.0,3,1.0,20.0,Chennai,9339000.0
2092,4,4.0,1,2.0,6.0,Chennai,12506000.0
1199,6,5.0,2,1.0,2.0,Delhi,13174000.0
1627,1,1.0,2,,11.0,Pune,11134000.0
1721,4,4.0,3,1.0,32.0,Hyderabad,10208000.0
1415,2,2.0,2,3.0,4.0,Hyderabad,8245000.0
868,4,4.0,1,3.0,8.0,Pune,7577000.0
1503,4,3.0,1,0.0,4.0,Chennai,9852000.0
1369,3,2.0,1,0.0,0.0,Hyderabad,7449000.0
712,4,3.0,2,1.0,7.0,Hyderabad,5277000.0
851,4,4.0,3,2.0,25.0,Delhi,9545000.0
1356,4,3.0,1,0.0,10.0,Bangalore,9948000.0
2277,5,5.0,3,0.0,6.0,Chennai,14321000.0
2798,4,4.0,3,1.0,10.0,Mumbai,44026000.0
1428,4,3.0,2,2.0,0.0,Delhi,16567000.0
1204,6,5.0,1,1.0,6.0,Chennai,8502000.0
617,5,5.0,1,0.0,2.0,Delhi,7072000.0
1806,4,3.0,2,1.0,8.0,Mumbai,33636000.0
1811,2,2.0,1,2.0,1.0,Bangalore,11173000.0
1528,5,5.0,2,0.0,8.0,Delhi,15657000.0
1711,3,,2,1.0,6.0,Delhi,16860000.0
1709,6,5.0,3,4.0,0.0,Delhi,20014000.0
2300,4,4.0,1,1.0,4.0,Pune,17476000.0
2039,3,3.0,3,4.0,9.0,Bangalore,13616000.0
1154,4,4.0,2,,0.0,Delhi,12677000.0
413,6,6.0,3,0.0,13.0,Hyderabad,3372000.0
2270,3,2.0,2,0.0,1.0,Bangalore,15101000.0
666,3,3.0,2,0.0,4.0,Bangalore,5023000.0
1611,4,4.0,2,1.0,19.0,Mumbai,26142000.0
1458,3,2.0,2,1.0,1.0,Bangalore,9333000.0
1844,3,2.0,2,0.0,13.0,Chennai,11266000.0
1052,3,3.0,2,1.0,3.0,Delhi,11522000.0
1074,5,5.0,2,1.0,1.0,Bangalore,7790000.0
1688,6,5.0,3,0.0,8.0,Hyderabad,9481000.0
1697,2,1.0,2,1.0,6.0,Mumbai,28267000.0
993,2,2.0,2,2.0,0.0,Delhi,11191000.0
1610,3,2.0,1,0.0,4.0,Mumbai,26096000.0
1315,2,1.0,2,0.0,26.0,Mumbai,23574000.0
1245,2,1.0,3,3.0,1.0,Hyderabad,6775000.0
2353,3,2.0,2,2.0,11.0,Mumbai,39460000.0
1198,5,5.0,2,1.0,1.0,Bangalore,9835000.0
400,3,2.0,3,3.0,1.0,Bangalore,3635000.0
1246,3,3.0,1,2.0,17.0,Chennai,7767000.0
1233,4,4.0,2,0.0,0.0,Chennai,7784000.0
1770,5,5.0,2,1.0,19.0,Mumbai,25782000.0
1985,2,1.0,2,2.0,12.0,Delhi,20962000.0
977,4,4.0,2,2.0,21.0,Delhi,10740000.0
1730,2,1.0,2,0.0,4.0,Delhi,18664000.0
1801,3,2.0,2,1.0,8.0,Mumbai,34587000.0
1800,2,1.0,3,0.0,1.0,Mumbai,23778000.0
1371,4,3.0,3,1.0,3.0,Delhi,15389000.0
713,5,5.0,2,1.0,0.0,Delhi,9824000.0
2248,3,2.0,2,3.0,11.0,Pune,17250000.0
2053,2,2.0,1,1.0,0.0,Delhi,23366000.0
2168,2,1.0,3,1.0,2.0,Hyderabad,11272000.0
1056,4,4.0,2,1.0,3.0,Pune,8707000.0
1043,5,4.0,2,0.0,2.0,Pune,8269000.0
1638,4,4.0,3,1.0,6.0,Pune,12610000.0
970,1,1.0,1,1.0,8.0,Delhi,9234000.0
1633,4,3.0,2,1.0,33.0,Chennai,9478000.0
3056,3,3.0,3,1.0,4.0,Chennai,17523000.0
1563,4,3.0,3,0.0,0.0,Mumbai,24124000.0
1461,1,1.0,3,1.0,14.0,Delhi,16819000.0
400,5,5.0,3,0.0,0.0,Delhi,6481000.0
1706,3,3.0,2,1.0,1.0,Hyderabad,9223000.0
1188,4,3.0,2,2.0,9.0,Mumbai,22086000.0
1946,6,6.0,3,1.0,1.0,Bangalore,12346000.0
400,4,4.0,1,1.0,1.0,Pune,3681000.0
1901,6,6.0,3,1.0,25.0,Delhi,19658000.0
1580,1,1.0,2,0.0,1.0,Chennai,8363000.0
2699,3,2.0,2,1.0,12.0,Mumbai,41845000.0
1749,4,4.0,2,0.0,13.0,Chennai,9688000.0
997,3,2.0,1,2.0,15.0,Mumbai,21611000.0
1096,4,3.0,2,0.0,11.0,Bangalore,7491000.0
2049,3,2.0,2,1.0,12.0,Chennai,11789000.0
2779,4,3.0,3,2.0,7.0,Chennai,19511000.0
1141,3,3.0,2,1.0,20.0,Hyderabad,6641000.0
792,1,1.0,3,0.0,6.0,Hyderabad,4872000.0
962,3,3.0,2,1.0,2.0,Chennai,6517000.0
1448,4,4.0,3,1.0,0.0,Delhi,17938000.0
2103,5,5.0,3,0.0,7.0,Hyderabad,11678000.0
1810,3,,3,1.0,9.0,Chennai,10626000.0
932,2,1.0,3,3.0,2.0,Mumbai,13990000.0
2573,4,4.0,1,0.0,6.0,Delhi,27034000.0
2179,5,5.0,2,2.0,14.0,Pune,15629000.0
1101,6,6.0,2,2.0,,Hyderabad,7367000.0
1840,3,3.0,2,1.0,14.0,Chennai,10601000.0
1449,3,2.0,1,2.0,0.0,Pune,11761000.0
1228,6,5.0,1,1.0,13.0,Mumbai,20524000.0
1709,6,5.0,1,1.0,8.0,Chennai,11333000.0
2156,3,2.0,2,0.0,1.0,Bangalore,14248000.0
2715,5,4.0,1,1.0,14.0,Chennai,17385000.0
2375,5,5.0,1,0.0,6.0,Delhi,22047000.0
1284,3,3.0,2,2.0,3.0,Mumbai,23878000.0
1358,4,3.0,3,0.0,1.0,Bangalore,9002000.0
1625,4,3.0,2,0.0,2.0,Chennai,10648000.0
1439,4,3.0,1,2.0,24.0,Delhi,14454000.0
1580,6,5.0,2,1.0,5.0,Pune,11858000.0
1897,4,4.0,2,1.0,,Hyderabad,11613000.0
723,1,1.0,3,1.0,29.0,Chennai,4878000.0
935,3,3.0,2,0.0,5.0,Chennai,6150000.0
2118,3,3.0,3,0.0,17.0,Mumbai,34525000.0
1185,3,2.0,2,1.0,18.0,Chennai,6850000.0
2299,5,5.0,1,1.0,0.0,Delhi,22140000.0
1766,2,1.0,3,0.0,0.0,Bangalore,11483000.0
876,4,4.0,1,1.0,1.0,Bangalore,6782000.0
1927,4,4.0,2,0.0,7.0,Pune,14013000.0
1288,3,3.0,3,0.0,4.0,Hyderabad,7950000.0
1568,4,4.0,3,2.0,9.0,Chennai,10279000.0
1156,3,2.0,3,2.0,10.0,Hyderabad,7026000.0
1625,4,4.0,2,0.0,1.0,Mumbai,28352000.0
2054,4,3.0,3,0.0,18.0,Chennai,12238000.0
928,3,3.0,2,2.0,7.0,Chennai,5696000.0
2384,6,5.0,1,4.0,25.0,Bangalore,17621000.0
1129,6,6.0,1,1.0,0.0,Mumbai,20163000.0
1759,6,5.0,1,0.0,0.0,Bangalore,12746000.0
1786,4,3.0,2,2.0,44.0,Delhi,21102000.0
1305,6,6.0,1,0.0,3.0,Bangalore,9443000.0
945,6,6.0,3,0.0,6.0,Chennai,6192000.0
1683,4,4.0,1,1.0,6.0,Bangalore,11567000.0
1444,3,3.0,3,4.0,7.0,Hyderabad,7076000.0
818,4,3.0,3,0.0,7.0,Bangalore,6368000.0
400,3,3.0,2,2.0,1.0,Delhi,4956000.0
1379,3,2.0,1,1.0,2.0,Bangalore,8499000.0
1771,2,2.0,1,0.0,5.0,Hyderabad,10127000.0
995,6,5.0,3,1.0,5.0,Bangalore,7865000.0
1498,5,4.0,2,1.0,28.0,Mumbai,22873000.0
1507,6,5.0,2,1.0,3.0,Chennai,9965000.0
1278,1,1.0,3,2.0,4.0,Bangalore,8332000.0
1909,6,6.0,1,1.0,0.0,Mumbai,34916000.0
1341,3,3.0,2,2.0,,Mumbai,22032000.0
742,2,2.0,3,1.0,0.0,Bangalore,5249000.0
1440,2,1.0,1,2.0,7.0,Bangalore,10146000.0
850,4,3.0,3,2.0,2.0,Delhi,10681000.0
415,4,4.0,1,1.0,4.0,Mumbai,7686000.0
2542,3,3.0,3,0.0,17.0,Mumbai,39989000.0
941,2,2.0,3,2.0,4.0,Bangalore,7498000.0
1267,4,3.0,3,2.0,2.0,Hyderabad,8302000.0
2186,4,3.0,1,1.0,3.0,Chennai,15106000.0
1352,2,2.0,2,0.0,1.0,Delhi,13830000.0
1250,6,5.0,2,1.0,6.0,Mumbai,19898000.0
1435,6,6.0,1,3.0,1.0,Chennai,9440000.0
1842,2,2.0,3,1.0,10.0,Pune,12136000.0
2190,3,3.0,3,0.0,3.0,Bangalore,15858000.0
400,3,3.0,1,1.0,18.0,Mumbai,6949000.0
1794,3,3.0,3,0.0,2.0,Pune,14939000.0
1511,6,6.0,2,0.0,19.0,Delhi,18750000.0
707,4,4.0,2,1.0,0.0,Mumbai,12596000.0
2577,4,4.0,3,2.0,14.0,Bangalore,15615000.0
1549,1,1.0,3,1.0,12.0,Delhi,18411000.0
1351,5,4.0,2,,9.0,Bangalore,8992000.0
1107,3,3.0,2,1.0,12.0,Bangalore,7897000.0
406,3,3.0,3,0.0,10.0,Pune,3349000.0
400,2,1.0,3,2.0,5.0,Mumbai,7814000.0
1397,6,5.0,2,0.0,1.0,Chennai,9904000.0
1627,6,6.0,2,1.0,0.0,Pune,11981000.0
1540,5,4.0,2,1.0,4.0,Bangalore,9564000.0
1940,5,5.0,3,1.0,11.0,Bangalore,12412000.0
1158,5,4.0,2,0.0,1.0,Hyderabad,7350000.0
1032,5,4.0,3,1.0,4.0,Delhi,10966000.0
1915,5,4.0,3,1.0,0.0,Pune,13181000.0
1753,1,1.0,2,0.0,15.0,Pune,11967000.0
1749,3,3.0,2,1.0,3.0,Delhi,17318000.0
1930,6,6.0,1,3.0,26.0,Mumbai,34959000.0
1065,3,2.0,1,3.0,7.0,Bangalore,8609000.0
943,4,3.0,2,0.0,9.0,Hyderabad,5721000.0
1191,1,1.0,2,1.0,5.0,Hyderabad,6278000.0
1343,2,1.0,2,2.0,7.0,Hyderabad,8549000.0
1752,6,5.0,3,1.0,8.0,Chennai,10934000.0
2358,2,1.0,1,0.0,6.0,Delhi,24277000.0
1159,1,1.0,2,0.0,3.0,Mumbai,17626000.0
2511,5,4.0,1,3.0,7.0,Mumbai,38709000.0
1155,4,4.0,2,0.0,6.0,Pune,9605000.0
1582,2,2.0,3,1.0,7.0,Bangalore,7975000.0
1657,4,4.0,3,2.0,2.0,Mumbai,26006000.0
1749,3,3.0,2,1.0,7.0,Mumbai,26723000.0
946,3,2.0,3,0.0,,Delhi,11779000.0
1519,3,3.0,3,1.0,0.0,Bangalore,11346000.0
1317,2,2.0,2,1.0,21.0,Chennai,7102000.0
1076,2,2.0,2,2.0,8.0,Delhi,13650000.0
1359,1,1.0,2,0.0,1.0,Pune,9409000.0
1596,4,3.0,3,0.0,21.0,Mumbai,22911000.0
1220,5,5.0,2,1.0,28.0,Hyderabad,6480000.0
1027,2,1.0,2,0.0,2.0,Bangalore,6258000.0
1279,5,4.0,2,2.0,11.0,Delhi,14511000.0
1815,4,3.0,3,0.0,3.0,Chennai,12180000.0
2212,4,3.0,2,1.0,,Delhi,25466000.0
1604,1,1.0,3,0.0,3.0,Delhi,14769000.0
833,4,4.0,3,0.0,10.0,Hyderabad,5166000.0
869,6,6.0,2,1.0,11.0,Hyderabad,6866000.0
1226,4,3.0,3,3.0,17.0,Hyderabad,7193000.0
1667,2,1.0,1,1.0,11.0,Mumbai,29248000.0
1057,3,3.0,1,1.0,4.0,Hyderabad,6061000.0
1472,4,3.0,3,1.0,6.0,Hyderabad,8718000.0
1606,4,4.0,3,1.0,15.0,Pune,10765000.0
1464,2,2.0,3,3.0,36.0,Bangalore,9324000.0
1142,2,2.0,1,2.0,16.0,Bangalore,7442000.0
1002,6,5.0,2,2.0,6.0,Hyderabad,6932000.0
1539,2,1.0,3,2.0,5.0,Mumbai,27827000.0
2099,5,4.0,1,1.0,13.0,Delhi,20929000.0
753,2,2.0,1,1.0,3.0,Pune,4937000.0
798,5,5.0,3,,6.0,Delhi,8783000.0
1995,3,3.0,2,0.0,10.0,Delhi,20837000.0
400,5,5.0,1,0.0,2.0,Delhi,5445000.0
1904,6,5.0,1,2.0,20.0,Pune,15803000.0
1533,1,1.0,1,2.0,5.0,Hyderabad,8509000.0
1482,3,3.0,3,2.0,8.0,Bangalore,9162000.0
1007,3,3.0,2,1.0,17.0,Pune,6808000.0
1376,6,6.0,3,0.0,0.0,Delhi,15115000.0
1494,3,3.0,3,1.0,5.0,Mumbai,25397000.0
2223,6,6.0,1,1.0,1.0,Hyderabad,13167000.0
550,6,5.0,1,0.0,2.0,Hyderabad,4221000.0
595,1,1.0,1,0.0,1.0,Chennai,3849000.0
1407,6,6.0,3,1.0,4.0,Mumbai,25523000.0
1739,2,1.0,1,0.0,0.0,Chennai,9789000.0
1498,2,1.0,3,0.0,1.0,Chennai,8837000.0
2236,6,,3,1.0,19.0,Mumbai,37480000.0
2560,6,5.0,1,2.0,1.0,Mumbai,39869000.0
1463,6,6.0,1,1.0,1.0,Mumbai,22769000.0
1085,2,1.0,1,2.0,8.0,Mumbai,19114000.0
1905,4,4.0,2,1.0,8.0,Delhi,18173000.0
1293,5,5.0,1,0.0,0.0,Pune,10399000.0
1322,1,1.0,1,2.0,2.0,Delhi,13150000.0
1576,3,3.0,1,0.0,17.0,Bangalore,11155000.0
1791,3,3.0,2,1.0,1.0,Mumbai,28101000.0
1546,2,2.0,2,0.0,15.0,Bangalore,9917000.0
1364,4,3.0,2,1.0,12.0,Chennai,8039000.0
1575,5,5.0,3,1.0,14.0,Chennai,9920000.0
1364,6,5.0,1,2.0,9.0,Hyderabad,8460000.0
400,2,1.0,3,0.0,7.0,Chennai,2909000.0
2445,5,4.0,3,1.0,2.0,Hyderabad,13269000.0
1669,5,4.0,1,2.0,14.0,Mumbai,29174000.0
1915,6,6.0,2,2.0,5.0,Bangalore,14416000.0
400,3,2.0,1,1.0,7.0,Bangalore,3439000.0
1804,4,4.0,1,1.0,14.0,Bangalore,11867000.0
1450,3,2.0,3,0.0,4.0,Delhi,17098000.0
2160,4,3.0,3,1.0,15.0,Mumbai,31799000.0
1257,5,5.0,2,2.0,7.0,Chennai,9189000.0
1312,5,5.0,2,2.0,3.0,Bangalore,9624000.0
1376,6,6.0,2,0.0,6.0,Mumbai,24326000.0
1659,1,1.0,1,1.0,2.0,Chennai,9903000.0
1701,6,5.0,2,0.0,1.0,Chennai,10327000.0
1479,3,3.0,1,0.0,15.0,Chennai,8935000.0
1440,5,4.0,1,0.0,9.0,Hyderabad,9175000.0
548,4,3.0,1,0.0,1.0,Bangalore,4532000.0
1474,3,2.0,2,0.0,20.0,Bangalore,10221000.0
1960,5,4.0,3,0.0,3.0,Delhi,20151000.0
1367,2,2.0,3,0.0,6.0,Mumbai,22254000.0
1465,6,6.0,3,1.0,0.0,Hyderabad,8353000.0
1411,3,2.0,1,0.0,1.0,Mumbai,21153000.0
1969,3,2.0,3,1.0,6.0,Delhi,23150000.0
1517,6,6.0,3,2.0,2.0,Pune,11748000.0
1278,2,1.0,1,0.0,1.0,Bangalore,7903000.0
1595,2,2.0,1,1.0,22.0,Chennai,9100000.0
2375,5,5.0,2,3.0,0.0,Mumbai,39140000.0
994,1,1.0,3,1.0,1.0,Bangalore,7338000.0
1217,3,3.0,3,0.0,0.0,Hyderabad,7351000.0
1346,3,3.0,3,2.0,0.0,Hyderabad,7970000.0
2334,3,3.0,3,0.0,0.0,Delhi,22956000.0
2143,4,4.0,1,0.0,2.0,Hyderabad,9868000.0
1274,5,4.0,3,3.0,2.0,Delhi,15094000.0
1392,5,4.0,1,0.0,5.0,Chennai,9382000.0
1831,2,2.0,1,0.0,19.0,Chennai,10383000.0
2599,1,1.0,3,3.0,1.0,Chennai,14561000.0
1948,3,3.0,2,1.0,2.0,Chennai,9920000.0
1600,3,2.0,3,1.0,15.0,Chennai,9737000.0
1944,4,4.0,2,0.0,0.0,Pune,16222000.0
1918,4,4.0,2,3.0,3.0,Delhi,20425000.0
1237,3,2.0,1,0.0,25.0,Mumbai,18429000.0
810,6,5.0,3,1.0,0.0,Hyderabad,5837000.0
2010,3,3.0,2,0.0,17.0,Bangalore,13092000.0
1296,4,4.0,3,3.0,1.0,Delhi,13392000.0
1777,6,6.0,1,3.0,8.0,Mumbai,29403000.0
953,4,3.0,1,1.0,2.0,Delhi,11031000.0
690,4,3.0,1,1.0,9.0,Hyderabad,4499000.0
975,3,3.0,2,1.0,6.0,Pune,7386000.0
1413,1,1.0,2,1.0,3.0,Hyderabad,6909000.0
1188,1,1.0,2,1.0,0.0,Bangalore,7439000.0
1844,6,5.0,1,2.0,35.0,Delhi,21930000.0
1971,3,3.0,2,2.0,12.0,Pune,14603000.0
1446,2,2.0,1,3.0,7.0,Mumbai,20967000.0
431,5,4.0,3,1.0,14.0,Chennai,3202000.0
1754,6,6.0,2,2.0,4.0,Pune,12438000.0
1281,3,2.0,2,0.0,5.0,Chennai,7191000.0
400,3,2.0,1,0.0,14.0,Mumbai,6386000.0
1171,4,4.0,3,0.0,4.0,Hyderabad,6820000.0
1232,5,5.0,2,0.0,5.0,Chennai,6688000.0
1768,2,2.0,2,3.0,5.0,Bangalore,11491000.0
2337,5,5.0,2,0.0,17.0,Hyderabad,14576000.0
1272,5,5.0,2,1.0,6.0,Delhi,14688000.0
617,5,4.0,2,0.0,1.0,Bangalore,5637000.0
2062,5,5.0,3,2.0,5.0,Bangalore,15229000.0
1463,6,5.0,3,0.0,42.0,Chennai,8846000.0
2033,2,2.0,1,3.0,0.0,Pune,14991000.0
1017,3,3.0,1,0.0,0.0,Pune,7463000.0
895,3,3.0,3,4.0,5.0,Hyderabad,6541000.0
1704,3,3.0,2,1.0,0.0,Mumbai,25105000.0
1772,2,2.0,3,1.0,4.0,Bangalore,10859000.0
1366,1,1.0,2,2.0,2.0,Pune,8868000.0
1185,4,3.0,2,0.0,0.0,Mumbai,20165000.0
1225,6,6.0,1,3.0,2.0,Mumbai,21974000.0
2004,5,5.0,2,0.0,19.0,Hyderabad,11049000.0
2254,3,3.0,2,2.0,9.0,Bangalore,15200000.0
2323,5,5.0,3,0.0,6.0,Delhi,28747000.0
963,6,5.0,1,0.0,6.0,Bangalore,8437000.0
2931,1,1.0,3,2.0,0.0,Pune,21118000.0
846,4,3.0,2,0.0,43.0,Delhi,8493000.0
1927,4,3.0,1,1.0,10.0,Bangalore,13533000.0
1774,3,2.0,1,1.0,3.0,Chennai,10897000.0
1845,6,5.0,1,0.0,0.0,Chennai,10217000.0
749,1,1.0,1,4.0,7.0,Pune,5416000.0
635,5,5.0,2,0.0,2.0,Pune,5779000.0
1218,3,2.0,2,2.0,0.0,Bangalore,8318000.0
2272,5,4.0,3,0.0,1.0,Hyderabad,13750000.0
1020,2,2.0,1,0.0,,Chennai,5795000.0
1804,5,4.0,2,0.0,12.0,Mumbai,32398000.0
1540,3,2.0,1,1.0,5.0,Chennai,7845000.0
1082,4,3.0,1,2.0,6.0,Delhi,11666000.0
2052,3,2.0,1,1.0,0.0,Pune,14203000.0
2361,2,2.0,3,2.0,6.0,Delhi,23859000.0
1299,4,4.0,1,1.0,5.0,Pune,9602000.0
1269,4,3.0,2,1.0,0.0,Chennai,7990000.0
2584,5,5.0,3,,4.0,Pune,17161000.0
1657,6,6.0,3,0.0,0.0,Chennai,10585000.0
1113,4,4.0,2,0.0,12.0,Pune,9188000.0
1480,6,6.0,2,2.0,1.0,Bangalore,10049000.0
1733,3,2.0,2,1.0,3.0,Hyderabad,9172000.0
1278,5,5.0,3,0.0,18.0,Pune,8901000.0
1394,4,3.0,3,0.0,6.0,Chennai,7831000.0
1077,4,3.0,1,1.0,4.0,Hyderabad,7277000.0
1400,6,,3,1.0,3.0,Bangalore,8579000.0
1255,3,2.0,1,0.0,,Mumbai,17604000.0
415,3,3.0,2,0.0,2.0,Chennai,3432000.0
1110,3,3.0,3,1.0,0.0,Mumbai,18922000.0
1770,2,2.0,1,1.0,0.0,Mumbai,30362000.0
1893,3,3.0,2,2.0,2.0,Chennai,11485000.0
1452,2,2.0,1,2.0,0.0,Bangalore,10176000.0
1248,4,3.0,1,0.0,5.0,Hyderabad,6745000.0
1761,3,2.0,1,3.0,2.0,Mumbai,31771000.0
1261,4,3.0,1,4.0,4.0,Mumbai,19243000.0
400,4,3.0,3,2.0,2.0,Bangalore,3836000.0
1848,4,4.0,2,1.0,6.0,Chennai,11678000.0
1133,4,4.0,3,1.0,3.0,Delhi,12767000.0
1501,3,2.0,1,2.0,19.0,Chennai,9097000.0
1357,2,2.0,2,1.0,5.0,Chennai,6869000.0
1905,5,5.0,3,1.0,0.0,Delhi,20351000.0
1499,4,4.0,2,2.0,11.0,Chennai,10062000.0
783,3,2.0,1,0.0,0.0,Delhi,8723000.0
1798,4,4.0,2,0.0,5.0,Bangalore,13597000.0
1319,4,4.0,1,0.0,1.0,Delhi,13384000.0
611,1,1.0,3,0.0,2.0,Mumbai,10188000.0
1294,2,2.0,3,1.0,0.0,Chennai,6857000.0
1812,1,1.0,1,1.0,4.0,Delhi,19601000.0
2946,2,2.0,1,0.0,4.0,Mumbai,48309000.0
2027,1,1.0,1,0.0,21.0,Chennai,11051000.0
1081,4,3.0,2,1.0,4.0,Delhi,12748000.0
1838,6,6.0,1,2.0,24.0,Hyderabad,11487000.0
638,3,2.0,1,1.0,2.0,Delhi,7524000.0
1381,3,3.0,2,1.0,0.0,Delhi,13287000.0
1205,4,3.0,2,0.0,5.0,Chennai,7028000.0
1624,4,4.0,1,0.0,2.0,Mumbai,21048000.0
1326,2,2.0,2,0.0,2.0,Chennai,7392000.0
1974,1,1.0,1,1.0,2.0,Delhi,19820000.0
1419,2,1.0,1,0.0,2.0,Chennai,8498000.0
1110,5,5.0,2,2.0,0.0,Delhi,13887000.0
1811,4,4.0,3,1.0,10.0,Delhi,19539000.0
1993,4,4.0,2,1.0,9.0,Bangalore,13371000.0
949,2,2.0,1,1.0,1.0,Bangalore,5824000.0
1157,4,,2,0.0,19.0,Mumbai,19122000.0
1215,6,5.0,1,0.0,7.0,Pune,9828000.0
1546,3,2.0,1,3.0,5.0,Bangalore,11804000.0
1573,1,1.0,1,0.0,11.0,Pune,9652000.0
755,2,2.0,1,2.0,9.0,Hyderabad,4036000.0
635,2,1.0,2,0.0,2.0,Pune,4573000.0
687,2,1.0,3,4.0,14.0,Bangalore,4072000.0
